Region,Month,Temperature,Rainfall,Humidity,Soil_pH,Nitrogen_Content,Organic_Matter,Crop_Type,Average_Yield
Region_C,6,31.29074959,109.9685282,65.97289298,5.8,3.2,1.6,Maize,2.8
Region_D,1,22.37907658,85.49299744,77.45122486,6.2,2.9,1.4,Barley,2.6
Region_A,9,33.21306139,136.9853529,42.56025386,6.5,3,1.5,Wheat,2.5
Region_C,1,33.07765292,162.5877447,72.98972949,5.8,3.2,1.6,Maize,2.8
Region_C,5,20.43870925,237.2065842,51.69532442,5.8,3.2,1.6,Maize,2.8
Region_D,4,32.38725126,212.7868962,57.75677818,6.2,2.9,1.4,Barley,2.6
Region_A,12,21.93304801,205.2321419,40.87653315,6.5,3,1.5,Wheat,2.5
Region_A,3,25.02678281,138.0937367,52.04184311,6.5,3,1.5,Wheat,2.5
Region_C,6,31.15262384,260.3618883,60.10524971,5.8,3.2,1.6,Maize,2.8
Region_B,2,22.41139844,167.8217918,42.24704309,7,2.8,1.8,Rice,3
Region_C,3,32.26950536,294.7762345,59.64382918,5.8,3.2,1.6,Maize,2.8
Region_C,5,32.48201267,208.5355346,77.08442515,5.8,3.2,1.6,Maize,2.8
Region_C,9,27.61201601,81.56618539,44.21572872,5.8,3.2,1.6,Maize,2.8
Region_C,2,20.09578808,219.0443905,70.57762912,5.8,3.2,1.6,Maize,2.8
Region_D,10,24.305572,131.2760039,56.38684214,6.2,2.9,1.4,Barley,2.6
Region_A,8,29.25390378,221.5817992,66.20694858,6.5,3,1.5,Wheat,2.5
Region_D,2,34.71779267,67.41028704,50.40946392,6.2,2.9,1.4,Barley,2.6
Region_D,11,29.47720291,93.72035929,46.3796905,6.2,2.9,1.4,Barley,2.6
Region_D,5,23.89705372,263.9343147,46.41850457,6.2,2.9,1.4,Barley,2.6
Region_C,7,29.51008555,106.7948893,42.81967783,5.8,3.2,1.6,Maize,2.8
Region_B,8,28.0997807,259.2602813,47.4258682,7,2.8,1.8,Rice,3
Region_A,1,31.69768093,119.8190221,66.5687754,6.5,3,1.5,Wheat,2.5
Region_B,6,21.60470958,210.7204775,75.26762447,7,2.8,1.8,Rice,3
Region_D,1,31.41541854,223.5376434,72.56502742,6.2,2.9,1.4,Barley,2.6
Region_D,2,28.11899868,178.1636883,67.40537239,6.2,2.9,1.4,Barley,2.6
Region_B,1,34.44488006,126.3276692,44.41727454,7,2.8,1.8,Rice,3
Region_B,11,25.12808249,103.1610941,51.56749785,7,2.8,1.8,Rice,3
Region_B,5,29.4893284,58.29733864,52.39227501,7,2.8,1.8,Rice,3
Region_D,10,33.98042158,125.9866003,49.99827786,6.2,2.9,1.4,Barley,2.6
Region_D,9,21.53764592,213.2906976,60.60022639,6.2,2.9,1.4,Barley,2.6
Region_A,6,34.05842731,284.5762046,61.4221526,6.5,3,1.5,Wheat,2.5
Region_A,11,30.31828583,267.8011206,54.27543901,6.5,3,1.5,Wheat,2.5
Region_D,11,21.01755589,241.5161941,54.15156635,6.2,2.9,1.4,Barley,2.6
Region_B,1,24.5144535,247.1118358,73.14222392,7,2.8,1.8,Rice,3
Region_B,1,30.62258133,216.2462259,71.57171393,7,2.8,1.8,Rice,3
Region_A,2,21.01025902,115.0717144,52.31183327,6.5,3,1.5,Wheat,2.5
Region_D,9,28.7325569,276.7987577,76.55153775,6.2,2.9,1.4,Barley,2.6
Region_A,3,25.18824585,217.683078,78.11260068,6.5,3,1.5,Wheat,2.5
Region_A,1,29.31373277,190.1101577,53.06970168,6.5,3,1.5,Wheat,2.5
Region_C,5,20.68613051,77.7473673,54.17699795,5.8,3.2,1.6,Maize,2.8
Region_C,7,33.07305209,161.763886,60.22536614,5.8,3.2,1.6,Maize,2.8
Region_C,6,34.60233454,165.0895678,77.6448325,5.8,3.2,1.6,Maize,2.8
Region_B,12,34.53316783,266.1409024,75.05277733,7,2.8,1.8,Rice,3
Region_D,1,31.24477748,186.662055,44.1027185,6.2,2.9,1.4,Barley,2.6
Region_D,5,21.9512936,145.1001372,55.70922973,6.2,2.9,1.4,Barley,2.6
Region_D,5,31.37394794,294.2000821,62.13484759,6.2,2.9,1.4,Barley,2.6
Region_D,6,20.36880375,77.68014833,60.1252989,6.2,2.9,1.4,Barley,2.6
Region_C,3,20.33185327,155.6371071,47.75452272,5.8,3.2,1.6,Maize,2.8
Region_B,5,24.85415329,60.50616879,74.35267085,7,2.8,1.8,Rice,3
Region_B,7,27.32964786,234.9760302,67.07763132,7,2.8,1.8,Rice,3
Region_C,5,31.55611127,279.519138,73.51633499,5.8,3.2,1.6,Maize,2.8
Region_B,5,30.24943065,120.0093324,74.35057117,7,2.8,1.8,Rice,3
Region_C,5,26.6885406,264.5854192,69.93423415,5.8,3.2,1.6,Maize,2.8
Region_D,10,24.10439999,123.0545576,57.56842405,6.2,2.9,1.4,Barley,2.6
Region_C,10,34.9568675,277.6925404,64.4218702,5.8,3.2,1.6,Maize,2.8
Region_D,3,26.39271953,238.4904759,46.41461624,6.2,2.9,1.4,Barley,2.6
Region_D,1,26.77080536,251.2266942,66.9458167,6.2,2.9,1.4,Barley,2.6
Region_A,5,22.45435732,54.5016389,47.17013023,6.5,3,1.5,Wheat,2.5
Region_C,9,31.92214323,290.7025893,67.75798362,5.8,3.2,1.6,Maize,2.8
Region_A,1,30.40523339,231.667748,49.18392643,6.5,3,1.5,Wheat,2.5
Region_C,3,23.31154419,126.1877738,44.70205201,5.8,3.2,1.6,Maize,2.8
Region_C,4,21.23571568,257.3486662,46.61137961,5.8,3.2,1.6,Maize,2.8
Region_A,1,30.20748953,120.3802996,40.07968541,6.5,3,1.5,Wheat,2.5
Region_A,1,29.81766821,268.1884599,68.74958471,6.5,3,1.5,Wheat,2.5
Region_C,8,24.0988929,78.1450976,69.29604196,5.8,3.2,1.6,Maize,2.8
Region_B,2,34.26295343,225.9214944,60.597334,7,2.8,1.8,Rice,3
Region_D,12,22.26586838,185.1746192,46.45451204,6.2,2.9,1.4,Barley,2.6
Region_A,8,26.48502202,74.13361755,43.3421735,6.5,3,1.5,Wheat,2.5
Region_D,7,34.1542388,110.4734571,40.76515866,6.2,2.9,1.4,Barley,2.6
Region_B,10,26.29590975,53.10100907,46.62992708,7,2.8,1.8,Rice,3
Region_B,10,29.57788921,167.1919914,75.6342214,7,2.8,1.8,Rice,3
Region_B,2,25.96391597,125.3163152,49.66147367,7,2.8,1.8,Rice,3
Region_A,6,24.11322804,199.5893711,54.17085309,6.5,3,1.5,Wheat,2.5
Region_B,6,34.75966472,124.3094519,44.21381938,7,2.8,1.8,Rice,3
Region_A,3,26.14001009,124.9797779,48.89445219,6.5,3,1.5,Wheat,2.5
Region_B,11,33.41148806,235.7982997,60.76898283,7,2.8,1.8,Rice,3
Region_D,2,23.44931909,62.03570899,64.31010732,6.2,2.9,1.4,Barley,2.6
Region_D,12,23.19657056,275.7237488,49.81409257,6.2,2.9,1.4,Barley,2.6
Region_C,1,20.46701124,263.0659686,42.30928637,5.8,3.2,1.6,Maize,2.8
Region_D,6,29.77500238,216.9511708,55.64131477,6.2,2.9,1.4,Barley,2.6
Region_C,12,25.52789516,198.3053925,49.36813484,5.8,3.2,1.6,Maize,2.8
Region_D,5,32.96537375,273.0756245,48.78215693,6.2,2.9,1.4,Barley,2.6
Region_A,11,27.0981486,96.33254488,78.39451211,6.5,3,1.5,Wheat,2.5
Region_D,9,34.52290142,69.74229055,64.65201944,6.2,2.9,1.4,Barley,2.6
Region_C,1,22.78288274,109.8775425,62.27513773,5.8,3.2,1.6,Maize,2.8
Region_C,7,33.02934752,248.6445697,56.63100414,5.8,3.2,1.6,Maize,2.8
Region_B,5,31.64895279,58.66756668,57.15777334,7,2.8,1.8,Rice,3
Region_A,5,31.56382767,195.7017088,61.63620015,6.5,3,1.5,Wheat,2.5
Region_D,2,32.67174842,298.859379,67.85719228,6.2,2.9,1.4,Barley,2.6
Region_B,11,31.41535986,263.9240235,68.08584385,7,2.8,1.8,Rice,3
Region_D,3,29.39330482,180.3614223,46.86775631,6.2,2.9,1.4,Barley,2.6
Region_D,7,21.96867317,65.91022732,60.00451008,6.2,2.9,1.4,Barley,2.6
Region_B,6,20.48789269,257.8433786,56.4783238,7,2.8,1.8,Rice,3
Region_B,12,33.81271772,199.744627,74.82107865,7,2.8,1.8,Rice,3
Region_B,2,29.24975472,78.73324926,65.25675685,7,2.8,1.8,Rice,3
Region_B,6,31.94805936,73.46432121,61.30016266,7,2.8,1.8,Rice,3
Region_B,2,27.22283527,277.4067049,44.61578569,7,2.8,1.8,Rice,3
Region_D,2,21.75962283,217.3000657,64.22551557,6.2,2.9,1.4,Barley,2.6
Region_B,2,21.87778688,257.3216998,44.68815623,7,2.8,1.8,Rice,3
Region_A,11,30.28347931,269.7447251,53.48826302,6.5,3,1.5,Wheat,2.5
Region_C,3,26.45458842,192.943088,45.71367859,5.8,3.2,1.6,Maize,2.8
Region_B,2,23.0078709,179.3615879,67.68294588,7,2.8,1.8,Rice,3
Region_B,4,27.3739182,157.6068526,48.25008455,7,2.8,1.8,Rice,3
Region_D,9,20.96313406,129.2366469,55.67437493,6.2,2.9,1.4,Barley,2.6
Region_B,6,28.72957103,158.6489902,75.8269911,7,2.8,1.8,Rice,3
Region_B,1,24.03490107,243.4699139,48.17265534,7,2.8,1.8,Rice,3
Region_B,8,31.96338651,200.4808578,60.31220256,7,2.8,1.8,Rice,3
Region_D,12,24.65542938,273.1308225,56.77086645,6.2,2.9,1.4,Barley,2.6
Region_B,7,26.82830224,160.8450036,40.72496164,7,2.8,1.8,Rice,3
Region_C,10,20.1743081,201.7723947,71.71032454,5.8,3.2,1.6,Maize,2.8
Region_D,3,21.08670332,207.8268883,42.76183625,6.2,2.9,1.4,Barley,2.6
Region_C,1,25.88740335,197.9242906,58.97020084,5.8,3.2,1.6,Maize,2.8
Region_D,5,27.19908252,225.6584433,62.4271318,6.2,2.9,1.4,Barley,2.6
Region_B,4,29.00030822,109.3583671,65.13705826,7,2.8,1.8,Rice,3
Region_C,10,24.37493868,178.0909444,67.54526517,5.8,3.2,1.6,Maize,2.8
Region_D,8,30.42472829,76.0562007,50.13089534,6.2,2.9,1.4,Barley,2.6
Region_A,1,32.90183596,146.1278319,40.39915107,6.5,3,1.5,Wheat,2.5
Region_B,10,31.69776483,171.9167672,68.93774649,7,2.8,1.8,Rice,3
Region_D,1,20.59428238,213.0560649,61.42626397,6.2,2.9,1.4,Barley,2.6
Region_A,12,27.20760421,287.6327631,73.44470813,6.5,3,1.5,Wheat,2.5
Region_D,4,21.57395268,200.1627666,72.85553452,6.2,2.9,1.4,Barley,2.6
Region_A,8,23.63067524,235.898479,73.73304671,6.5,3,1.5,Wheat,2.5
Region_B,5,34.7999389,176.5665149,59.4037864,7,2.8,1.8,Rice,3
Region_C,2,22.13743314,208.5260078,53.34513583,5.8,3.2,1.6,Maize,2.8
Region_A,6,27.4833223,67.73305403,71.6623281,6.5,3,1.5,Wheat,2.5
Region_D,5,29.27233601,113.5978952,58.05176452,6.2,2.9,1.4,Barley,2.6
Region_B,2,30.53697456,140.4632733,47.33768786,7,2.8,1.8,Rice,3
Region_A,11,28.39473025,168.1233388,74.19896078,6.5,3,1.5,Wheat,2.5
Region_D,11,20.14656271,61.41218638,75.30239507,6.2,2.9,1.4,Barley,2.6
Region_D,11,24.89691962,85.00602439,58.65239025,6.2,2.9,1.4,Barley,2.6
Region_D,3,27.76567465,119.2035769,43.02798909,6.2,2.9,1.4,Barley,2.6
Region_A,9,21.31799749,292.8831727,55.5130436,6.5,3,1.5,Wheat,2.5
Region_A,7,25.25940397,132.8367518,72.14150638,6.5,3,1.5,Wheat,2.5
Region_A,7,20.49804663,170.5102645,76.07096114,6.5,3,1.5,Wheat,2.5
Region_C,11,21.17867746,99.02442818,48.1389097,5.8,3.2,1.6,Maize,2.8
Region_A,6,25.95384914,202.6950178,42.67894448,6.5,3,1.5,Wheat,2.5
Region_A,8,21.99073631,120.1708039,75.09401813,6.5,3,1.5,Wheat,2.5
Region_A,4,28.51311272,101.7481446,55.57619756,6.5,3,1.5,Wheat,2.5
Region_C,8,30.34197454,179.1431571,61.67043857,5.8,3.2,1.6,Maize,2.8
Region_A,4,32.00880049,51.37644979,78.72263248,6.5,3,1.5,Wheat,2.5
Region_D,8,23.00225366,51.91600816,42.66258912,6.2,2.9,1.4,Barley,2.6
Region_A,9,22.51223873,104.7672023,65.9327203,6.5,3,1.5,Wheat,2.5
Region_D,3,21.56851761,59.18034063,42.9642169,6.2,2.9,1.4,Barley,2.6
Region_D,3,29.54645374,77.00643853,55.01875714,6.2,2.9,1.4,Barley,2.6
Region_D,11,30.5971359,134.7151623,72.15258181,6.2,2.9,1.4,Barley,2.6
Region_C,2,20.47379217,250.6464199,57.33888931,5.8,3.2,1.6,Maize,2.8
Region_C,10,34.04318369,193.0121608,79.88729416,5.8,3.2,1.6,Maize,2.8
Region_C,3,20.77956925,178.1669315,62.3623714,5.8,3.2,1.6,Maize,2.8
Region_A,3,28.11944503,123.3722058,52.84648611,6.5,3,1.5,Wheat,2.5
Region_D,5,30.63590779,282.9384299,48.80445304,6.2,2.9,1.4,Barley,2.6
Region_C,5,33.06453686,149.2537603,54.02082137,5.8,3.2,1.6,Maize,2.8
Region_C,2,30.71130398,71.7731917,54.90133095,5.8,3.2,1.6,Maize,2.8
Region_A,12,32.02592125,204.266629,42.74854711,6.5,3,1.5,Wheat,2.5
Region_C,10,25.09175289,78.45959837,54.78296798,5.8,3.2,1.6,Maize,2.8
Region_A,6,32.22237671,136.3057857,58.56954079,6.5,3,1.5,Wheat,2.5
Region_B,5,21.2017227,176.8529847,68.90951009,7,2.8,1.8,Rice,3
Region_C,6,33.42224984,268.5556312,66.26917939,5.8,3.2,1.6,Maize,2.8
Region_B,1,28.21388564,173.3866451,68.35062621,7,2.8,1.8,Rice,3
Region_A,5,32.25946655,225.5646915,40.33454728,6.5,3,1.5,Wheat,2.5
Region_D,9,26.78477427,298.2042097,48.70669598,6.2,2.9,1.4,Barley,2.6
Region_C,12,29.65366543,82.87227997,66.46737154,5.8,3.2,1.6,Maize,2.8
Region_A,10,27.89603991,118.6828814,59.35957473,6.5,3,1.5,Wheat,2.5
Region_D,2,30.97384283,148.6440189,40.21253903,6.2,2.9,1.4,Barley,2.6
Region_D,1,21.22444973,155.4570446,72.1797857,6.2,2.9,1.4,Barley,2.6
Region_B,10,20.90528126,152.7552688,70.91238293,7,2.8,1.8,Rice,3
Region_A,11,23.70654851,276.9027506,61.93676652,6.5,3,1.5,Wheat,2.5
Region_D,9,22.3931702,228.5081611,42.65853303,6.2,2.9,1.4,Barley,2.6
Region_C,10,33.0767535,201.9763035,70.66060198,5.8,3.2,1.6,Maize,2.8
Region_C,9,23.28820981,127.3431795,63.34854351,5.8,3.2,1.6,Maize,2.8
Region_B,9,34.63797884,255.9475961,71.27839909,7,2.8,1.8,Rice,3
Region_D,6,25.05343688,288.7651279,70.0698797,6.2,2.9,1.4,Barley,2.6
Region_A,8,22.73176874,255.2995706,72.12008288,6.5,3,1.5,Wheat,2.5
Region_C,11,31.84547761,50.3912763,60.72032266,5.8,3.2,1.6,Maize,2.8
Region_D,1,29.88061663,209.1003425,45.61298073,6.2,2.9,1.4,Barley,2.6
Region_D,10,27.47293575,62.78384536,66.84629894,6.2,2.9,1.4,Barley,2.6
Region_B,4,28.33045326,114.4018051,64.8189514,7,2.8,1.8,Rice,3
Region_C,1,30.78802667,64.88117509,69.69012749,5.8,3.2,1.6,Maize,2.8
Region_C,8,23.42682112,200.9488632,46.79524024,5.8,3.2,1.6,Maize,2.8
Region_A,1,34.94500874,221.6474784,47.799008,6.5,3,1.5,Wheat,2.5
Region_C,3,34.62189743,78.62190952,75.61638069,5.8,3.2,1.6,Maize,2.8
Region_A,4,29.7548853,145.9597208,69.99911194,6.5,3,1.5,Wheat,2.5
Region_C,8,22.99313676,164.0591272,76.32913955,5.8,3.2,1.6,Maize,2.8
Region_B,6,30.20342364,142.2632554,70.34861285,7,2.8,1.8,Rice,3
Region_C,10,21.08297613,80.25625012,63.88621224,5.8,3.2,1.6,Maize,2.8
Region_A,12,20.45978753,154.7369475,66.16530948,6.5,3,1.5,Wheat,2.5
Region_A,7,23.86524333,237.794512,75.56511696,6.5,3,1.5,Wheat,2.5
Region_B,8,26.93934435,67.75191613,63.15227018,7,2.8,1.8,Rice,3
Region_C,2,33.02408758,70.04500352,65.29565297,5.8,3.2,1.6,Maize,2.8
Region_C,10,30.90753605,138.692823,46.25906864,5.8,3.2,1.6,Maize,2.8
Region_B,11,31.14059782,285.4314279,58.9568488,7,2.8,1.8,Rice,3
Region_C,8,26.38240002,217.1431617,68.65588448,5.8,3.2,1.6,Maize,2.8
Region_C,3,25.18902489,219.6674892,50.83770793,5.8,3.2,1.6,Maize,2.8
Region_A,7,25.56558144,140.4799977,48.09016722,6.5,3,1.5,Wheat,2.5
Region_C,3,34.81474346,198.4151978,52.55307233,5.8,3.2,1.6,Maize,2.8
Region_C,7,20.60163787,52.53279601,49.66002512,5.8,3.2,1.6,Maize,2.8
Region_B,11,33.00547244,209.0240116,48.59650548,7,2.8,1.8,Rice,3
Region_B,12,28.68013113,278.3217369,56.99403371,7,2.8,1.8,Rice,3
Region_D,2,26.57923129,203.1433671,76.31354056,6.2,2.9,1.4,Barley,2.6
Region_A,10,30.87886491,268.4246484,60.28238587,6.5,3,1.5,Wheat,2.5
Region_C,6,27.30003412,230.9932639,47.51681523,5.8,3.2,1.6,Maize,2.8
Region_C,3,33.10134857,80.1396041,43.07886678,5.8,3.2,1.6,Maize,2.8
Region_D,3,33.51052796,275.6133268,67.84624581,6.2,2.9,1.4,Barley,2.6
Region_C,9,26.3258139,66.61096109,55.31195058,5.8,3.2,1.6,Maize,2.8
Region_A,7,24.15241696,183.4918681,72.87323786,6.5,3,1.5,Wheat,2.5
Region_D,5,28.88525493,85.53428095,66.38043075,6.2,2.9,1.4,Barley,2.6
Region_A,12,33.68545018,52.92665268,71.84965802,6.5,3,1.5,Wheat,2.5
Region_D,10,23.15993284,155.508565,50.87784158,6.2,2.9,1.4,Barley,2.6
Region_D,7,29.34449875,123.7601769,67.6943569,6.2,2.9,1.4,Barley,2.6
Region_B,9,29.4734033,171.5001234,50.56247939,7,2.8,1.8,Rice,3
Region_A,1,30.99669534,194.2999717,77.56273918,6.5,3,1.5,Wheat,2.5
Region_C,7,21.97351528,60.93476808,65.45497126,5.8,3.2,1.6,Maize,2.8
Region_C,6,30.73737447,80.75082378,52.98047201,5.8,3.2,1.6,Maize,2.8
Region_A,10,33.63548781,189.6605991,50.78047449,6.5,3,1.5,Wheat,2.5
Region_C,12,22.69524663,135.7918383,47.6370634,5.8,3.2,1.6,Maize,2.8
Region_C,9,23.56314987,232.2933719,67.78563836,5.8,3.2,1.6,Maize,2.8
Region_A,1,34.57092641,213.0729121,48.74862452,6.5,3,1.5,Wheat,2.5
Region_D,4,22.71465429,261.4010907,63.81213064,6.2,2.9,1.4,Barley,2.6
Region_A,9,32.8157764,223.1232067,50.58540108,6.5,3,1.5,Wheat,2.5
Region_D,4,27.38416785,157.4827693,66.47875779,6.2,2.9,1.4,Barley,2.6
Region_C,10,23.70846612,218.2416556,72.59758914,5.8,3.2,1.6,Maize,2.8
Region_C,3,33.06124852,118.8452936,71.12100973,5.8,3.2,1.6,Maize,2.8
Region_C,9,26.67957883,126.5783747,70.43405324,5.8,3.2,1.6,Maize,2.8
Region_B,2,27.72226031,247.24629,47.50889623,7,2.8,1.8,Rice,3
Region_D,4,25.38850054,161.6048791,43.53539788,6.2,2.9,1.4,Barley,2.6
Region_B,6,28.89426277,249.5950851,67.95795314,7,2.8,1.8,Rice,3
Region_B,2,22.45285809,255.6055934,54.73388855,7,2.8,1.8,Rice,3
Region_A,8,25.86622305,264.3905844,57.29384906,6.5,3,1.5,Wheat,2.5
Region_B,8,34.54118484,279.158809,41.24596371,7,2.8,1.8,Rice,3
Region_A,1,23.87200149,157.7463051,50.38305797,6.5,3,1.5,Wheat,2.5
Region_A,12,29.85104997,129.7167046,41.34705615,6.5,3,1.5,Wheat,2.5
Region_B,3,24.87785096,195.5496866,75.1674309,7,2.8,1.8,Rice,3
Region_D,10,31.60209689,142.7931059,49.73586733,6.2,2.9,1.4,Barley,2.6
Region_D,9,21.96310491,200.2685417,62.29348678,6.2,2.9,1.4,Barley,2.6
Region_D,5,34.54731568,226.3964657,41.55917283,6.2,2.9,1.4,Barley,2.6
Region_D,6,26.80684312,222.1012546,66.67389565,6.2,2.9,1.4,Barley,2.6
Region_D,4,23.54075695,143.6382218,52.92109383,6.2,2.9,1.4,Barley,2.6
Region_B,10,21.10245121,91.71505042,75.91676748,7,2.8,1.8,Rice,3
Region_B,2,22.54636858,157.6323346,75.52472756,7,2.8,1.8,Rice,3
Region_C,11,27.79660923,85.64853602,53.01162473,5.8,3.2,1.6,Maize,2.8
Region_D,8,25.05504765,272.5242588,76.03843583,6.2,2.9,1.4,Barley,2.6
Region_B,11,32.43325049,136.4693652,79.84630694,7,2.8,1.8,Rice,3
Region_C,6,26.46331285,88.61493681,73.01662656,5.8,3.2,1.6,Maize,2.8
Region_D,5,23.73071409,56.36193998,73.79485391,6.2,2.9,1.4,Barley,2.6
Region_A,9,29.2571748,211.4555966,49.96034944,6.5,3,1.5,Wheat,2.5
Region_C,1,30.60165825,209.2255794,63.06809595,5.8,3.2,1.6,Maize,2.8
Region_B,5,22.50562862,135.1510416,42.69023656,7,2.8,1.8,Rice,3
Region_A,6,22.51428824,67.92797221,43.79671747,6.5,3,1.5,Wheat,2.5
Region_A,5,20.5500714,152.4072237,79.95570448,6.5,3,1.5,Wheat,2.5
Region_A,6,31.04603023,127.8043738,53.06556998,6.5,3,1.5,Wheat,2.5
Region_C,6,29.95706791,219.2801599,69.92735648,5.8,3.2,1.6,Maize,2.8
Region_B,7,27.11946314,201.4448124,72.26660212,7,2.8,1.8,Rice,3
Region_A,4,32.66255673,141.148432,74.32093084,6.5,3,1.5,Wheat,2.5
Region_D,11,32.08505229,104.4731386,79.9051319,6.2,2.9,1.4,Barley,2.6
Region_A,8,28.78031547,297.0089915,49.65985941,6.5,3,1.5,Wheat,2.5
Region_A,7,33.02406921,163.5004053,41.61403307,6.5,3,1.5,Wheat,2.5
Region_C,9,23.08761815,222.0685589,56.44766072,5.8,3.2,1.6,Maize,2.8
Region_C,7,21.67879429,85.13824189,45.20322679,5.8,3.2,1.6,Maize,2.8
Region_B,3,24.04624417,171.3974249,40.89703557,7,2.8,1.8,Rice,3
Region_D,3,20.85630284,56.88417997,54.41707309,6.2,2.9,1.4,Barley,2.6
Region_C,8,27.96754292,176.3637795,71.34953004,5.8,3.2,1.6,Maize,2.8
Region_A,5,34.04908538,291.0043518,62.64722765,6.5,3,1.5,Wheat,2.5
Region_B,4,20.59015311,146.0516782,52.51111957,7,2.8,1.8,Rice,3
Region_A,8,21.83164871,59.74900314,66.17368022,6.5,3,1.5,Wheat,2.5
Region_A,6,26.78298542,57.73894773,49.28072721,6.5,3,1.5,Wheat,2.5
Region_C,2,34.00812526,146.99669,40.57525784,5.8,3.2,1.6,Maize,2.8
Region_B,4,24.74234157,90.00623412,70.57413546,7,2.8,1.8,Rice,3
Region_D,12,27.60852213,55.83802408,64.94972339,6.2,2.9,1.4,Barley,2.6
Region_D,11,20.62359289,239.0534035,70.49210498,6.2,2.9,1.4,Barley,2.6
Region_C,4,22.22514801,164.6307522,41.55752067,5.8,3.2,1.6,Maize,2.8
Region_C,6,34.79945184,122.311193,73.48478511,5.8,3.2,1.6,Maize,2.8
Region_B,6,34.47678045,275.0207958,64.781048,7,2.8,1.8,Rice,3
Region_D,1,20.07409971,79.03474005,62.53581403,6.2,2.9,1.4,Barley,2.6
Region_D,8,34.27717678,288.9797072,64.98456192,6.2,2.9,1.4,Barley,2.6
Region_D,6,29.58679907,128.4916793,74.57732987,6.2,2.9,1.4,Barley,2.6
Region_A,3,33.01877442,272.1009181,63.47746026,6.5,3,1.5,Wheat,2.5
Region_D,9,26.82109783,200.7357191,63.2380152,6.2,2.9,1.4,Barley,2.6
Region_A,2,27.73394043,256.6768399,79.62716628,6.5,3,1.5,Wheat,2.5
Region_B,11,27.3326987,296.0032908,70.26920668,7,2.8,1.8,Rice,3
Region_A,8,30.00296386,122.1013595,57.69175222,6.5,3,1.5,Wheat,2.5
Region_B,10,22.09476882,290.2838714,68.29588,7,2.8,1.8,Rice,3
Region_D,3,20.44960385,147.3704737,55.56921887,6.2,2.9,1.4,Barley,2.6
Region_D,12,24.61894912,146.3779762,49.1550185,6.2,2.9,1.4,Barley,2.6
Region_B,5,30.57021144,135.0967761,63.87407508,7,2.8,1.8,Rice,3
Region_C,6,23.02780178,185.3519018,77.12728392,5.8,3.2,1.6,Maize,2.8
Region_B,10,30.1014865,88.53626079,77.1655808,7,2.8,1.8,Rice,3
Region_C,6,34.54868069,188.4278713,53.67621112,5.8,3.2,1.6,Maize,2.8
Region_A,4,21.40851074,185.4262031,61.10709865,6.5,3,1.5,Wheat,2.5
Region_A,3,30.08903177,240.4754532,48.46543594,6.5,3,1.5,Wheat,2.5
Region_A,4,26.65625329,258.4124905,79.82524438,6.5,3,1.5,Wheat,2.5
Region_D,1,33.02213382,160.1103376,79.24471631,6.2,2.9,1.4,Barley,2.6
Region_A,4,22.65724684,125.5833123,65.98035719,6.5,3,1.5,Wheat,2.5
Region_C,1,30.38938928,114.8337243,72.17656239,5.8,3.2,1.6,Maize,2.8
Region_A,12,32.57172934,98.65595918,68.60400645,6.5,3,1.5,Wheat,2.5
Region_B,1,34.16921329,64.41189555,63.72632876,7,2.8,1.8,Rice,3
Region_B,10,30.24872042,135.6119947,42.13391988,7,2.8,1.8,Rice,3
Region_D,6,27.45762146,117.561923,58.1905737,6.2,2.9,1.4,Barley,2.6
Region_B,5,29.2677086,291.6043465,66.99145209,7,2.8,1.8,Rice,3
Region_C,11,33.03357477,189.4272066,67.10126456,5.8,3.2,1.6,Maize,2.8
Region_A,4,28.5591462,136.8192598,54.92490474,6.5,3,1.5,Wheat,2.5
Region_D,11,20.4558059,195.1169002,77.66767947,6.2,2.9,1.4,Barley,2.6
Region_A,3,33.96423043,84.79917534,46.69428129,6.5,3,1.5,Wheat,2.5
Region_A,1,30.34290127,161.0109373,60.01437785,6.5,3,1.5,Wheat,2.5
Region_C,6,30.14770079,206.5585804,67.63535906,5.8,3.2,1.6,Maize,2.8
Region_B,2,23.23512729,172.2244579,67.88543224,7,2.8,1.8,Rice,3
Region_B,8,29.88328205,150.4447002,65.94555827,7,2.8,1.8,Rice,3
Region_A,10,25.90796608,298.4620972,51.01152854,6.5,3,1.5,Wheat,2.5
Region_D,5,29.76849466,270.0786905,46.24826275,6.2,2.9,1.4,Barley,2.6
Region_B,7,21.59889545,205.8514895,65.43761307,7,2.8,1.8,Rice,3
Region_D,10,29.86767957,192.3443403,63.97208465,6.2,2.9,1.4,Barley,2.6
Region_B,12,34.99120589,205.16512,47.17424041,7,2.8,1.8,Rice,3
Region_D,2,20.72318058,100.328027,68.20556582,6.2,2.9,1.4,Barley,2.6
Region_C,8,34.65761276,148.7844358,58.20687967,5.8,3.2,1.6,Maize,2.8
Region_D,2,26.10361941,59.86488322,66.71042366,6.2,2.9,1.4,Barley,2.6
Region_C,4,33.06130176,168.8865094,73.49468319,5.8,3.2,1.6,Maize,2.8
Region_C,1,31.73578226,185.756146,46.78913714,5.8,3.2,1.6,Maize,2.8
Region_D,5,28.50524391,106.937434,40.76579472,6.2,2.9,1.4,Barley,2.6
Region_C,9,31.07673814,291.0072118,71.16410346,5.8,3.2,1.6,Maize,2.8
Region_A,1,33.17773342,277.3636527,64.38789701,6.5,3,1.5,Wheat,2.5
Region_C,9,26.06210482,230.5358089,67.98558278,5.8,3.2,1.6,Maize,2.8
Region_B,11,24.90549742,183.3466572,73.526199,7,2.8,1.8,Rice,3
Region_D,8,30.01390078,267.4922899,72.11243739,6.2,2.9,1.4,Barley,2.6
Region_A,6,32.11768913,82.66308596,78.43680588,6.5,3,1.5,Wheat,2.5
Region_D,7,31.43427702,247.6274486,61.43740315,6.2,2.9,1.4,Barley,2.6
Region_B,3,31.96720473,81.20520349,59.53982531,7,2.8,1.8,Rice,3
Region_B,1,26.53374972,248.5526656,56.075488,7,2.8,1.8,Rice,3
Region_B,5,32.26751324,118.9418921,46.14764171,7,2.8,1.8,Rice,3
Region_C,12,21.80313583,269.2726453,62.90428932,5.8,3.2,1.6,Maize,2.8
Region_C,12,28.16733647,286.0105235,51.08050097,5.8,3.2,1.6,Maize,2.8
Region_D,2,20.08637991,87.19899235,76.85230049,6.2,2.9,1.4,Barley,2.6
Region_D,5,24.86878745,165.6689013,63.32763217,6.2,2.9,1.4,Barley,2.6
Region_A,8,25.49692302,295.2468445,63.71360722,6.5,3,1.5,Wheat,2.5
Region_A,11,25.94259037,170.851859,54.19698644,6.5,3,1.5,Wheat,2.5
Region_D,9,30.4320081,265.8868806,42.07957408,6.2,2.9,1.4,Barley,2.6
Region_C,2,25.82837152,197.1828805,41.26975061,5.8,3.2,1.6,Maize,2.8
Region_B,12,26.73040434,143.832477,56.93340577,7,2.8,1.8,Rice,3
Region_D,3,23.56316196,121.4458889,43.38261512,6.2,2.9,1.4,Barley,2.6
Region_A,3,25.59877687,100.8057728,64.27387822,6.5,3,1.5,Wheat,2.5
Region_C,1,23.40904441,240.4495478,75.23892023,5.8,3.2,1.6,Maize,2.8
Region_D,8,21.09793886,146.6351267,75.31659266,6.2,2.9,1.4,Barley,2.6
Region_D,6,29.0517289,177.8188656,66.36181641,6.2,2.9,1.4,Barley,2.6
Region_C,12,30.02319198,173.08137,48.44927326,5.8,3.2,1.6,Maize,2.8
Region_D,8,29.29235519,194.3197573,74.51987325,6.2,2.9,1.4,Barley,2.6
Region_C,11,26.95241066,266.3942864,75.44373741,5.8,3.2,1.6,Maize,2.8
Region_B,9,25.6967867,295.1848359,47.8661434,7,2.8,1.8,Rice,3
Region_C,5,32.95000474,151.8960521,69.49704343,5.8,3.2,1.6,Maize,2.8
Region_C,12,27.78622678,256.8797305,51.46078196,5.8,3.2,1.6,Maize,2.8
Region_C,3,27.18772816,241.1319487,72.10561249,5.8,3.2,1.6,Maize,2.8
Region_D,5,20.38463099,193.3822379,79.889516,6.2,2.9,1.4,Barley,2.6
Region_D,5,25.11871741,289.0117859,41.20104021,6.2,2.9,1.4,Barley,2.6
Region_C,5,25.70293428,100.1186289,75.89463463,5.8,3.2,1.6,Maize,2.8
Region_D,3,25.98234171,77.31605258,64.90522134,6.2,2.9,1.4,Barley,2.6
Region_A,11,28.70258554,263.4904917,78.93530477,6.5,3,1.5,Wheat,2.5
Region_A,10,28.0040382,159.7874542,58.6003807,6.5,3,1.5,Wheat,2.5
Region_D,4,29.11857639,261.7422136,73.89551722,6.2,2.9,1.4,Barley,2.6
Region_D,9,31.47324892,273.2725513,42.49576274,6.2,2.9,1.4,Barley,2.6
Region_C,10,32.19478608,65.6143984,53.411162,5.8,3.2,1.6,Maize,2.8
Region_B,9,30.77184614,270.8661907,42.68066151,7,2.8,1.8,Rice,3
Region_D,2,34.33285544,162.0797638,79.01372534,6.2,2.9,1.4,Barley,2.6
Region_A,8,20.27348874,177.6081223,72.67895629,6.5,3,1.5,Wheat,2.5
Region_C,8,22.93666979,206.6481278,74.10189685,5.8,3.2,1.6,Maize,2.8
Region_D,7,20.11344312,281.5956517,77.51860926,6.2,2.9,1.4,Barley,2.6
Region_A,8,29.71212071,54.77902361,43.40413944,6.5,3,1.5,Wheat,2.5
Region_A,3,33.47045823,169.2108671,55.4239037,6.5,3,1.5,Wheat,2.5
Region_B,6,23.65223445,221.9305106,42.84139556,7,2.8,1.8,Rice,3
Region_C,1,33.90551817,230.6767394,48.43172406,5.8,3.2,1.6,Maize,2.8
Region_C,7,20.90401085,223.1331079,49.17463108,5.8,3.2,1.6,Maize,2.8
Region_B,1,34.0165404,83.60878235,58.76428844,7,2.8,1.8,Rice,3
Region_B,9,25.27434031,124.8488971,50.7424867,7,2.8,1.8,Rice,3
Region_C,1,21.52131243,139.6788814,44.03912427,5.8,3.2,1.6,Maize,2.8
Region_C,1,27.28807639,251.1093019,46.69964356,5.8,3.2,1.6,Maize,2.8
Region_D,7,23.85164852,119.6899681,45.89102254,6.2,2.9,1.4,Barley,2.6
Region_D,2,24.27309353,102.676241,78.92307192,6.2,2.9,1.4,Barley,2.6
Region_B,5,24.60934947,289.3620048,70.37170028,7,2.8,1.8,Rice,3
Region_D,8,32.04538847,52.21582128,78.71045861,6.2,2.9,1.4,Barley,2.6
Region_A,8,28.08741915,299.4552139,57.58961946,6.5,3,1.5,Wheat,2.5
Region_D,3,24.66961549,219.2053247,51.13473927,6.2,2.9,1.4,Barley,2.6
Region_D,7,29.15500675,257.1173249,71.93172789,6.2,2.9,1.4,Barley,2.6
Region_A,3,30.74226011,123.6548491,53.05015672,6.5,3,1.5,Wheat,2.5
Region_B,6,24.08936001,53.57881942,51.97533495,7,2.8,1.8,Rice,3
Region_A,6,26.20323652,234.4673796,49.30023969,6.5,3,1.5,Wheat,2.5
Region_D,3,21.8282914,258.5361493,45.18715913,6.2,2.9,1.4,Barley,2.6
Region_B,7,22.71724024,235.119033,50.25852244,7,2.8,1.8,Rice,3
Region_D,3,30.21676781,85.71257183,54.21278994,6.2,2.9,1.4,Barley,2.6
Region_A,8,22.72157522,238.3569806,66.95976833,6.5,3,1.5,Wheat,2.5
Region_A,10,27.87745076,242.2306955,42.50259369,6.5,3,1.5,Wheat,2.5
Region_D,4,30.63569393,214.6351289,48.42027759,6.2,2.9,1.4,Barley,2.6
Region_C,1,21.60315385,241.5289832,72.36094561,5.8,3.2,1.6,Maize,2.8
Region_C,4,28.50968329,261.4803599,45.87687694,5.8,3.2,1.6,Maize,2.8
Region_A,7,23.84844176,203.4010286,53.70580586,6.5,3,1.5,Wheat,2.5
Region_A,11,34.44390313,72.15117849,74.58635687,6.5,3,1.5,Wheat,2.5
Region_C,4,27.2531847,171.9069524,46.19701245,5.8,3.2,1.6,Maize,2.8
Region_C,6,32.08988825,69.41233367,43.30947342,5.8,3.2,1.6,Maize,2.8
Region_D,9,28.25339813,151.8857578,59.3815198,6.2,2.9,1.4,Barley,2.6
Region_D,1,20.65118799,151.7766223,52.09678045,6.2,2.9,1.4,Barley,2.6
Region_C,5,29.49727063,66.50246104,62.53633458,5.8,3.2,1.6,Maize,2.8
Region_D,11,34.27105013,137.2051335,72.15219562,6.2,2.9,1.4,Barley,2.6
Region_D,7,29.0241773,77.7495247,45.48593953,6.2,2.9,1.4,Barley,2.6
Region_B,1,32.28783289,252.0588025,63.22796338,7,2.8,1.8,Rice,3
Region_D,4,33.26309695,286.9220065,60.22035042,6.2,2.9,1.4,Barley,2.6
Region_A,6,23.42119658,68.07911881,45.76315144,6.5,3,1.5,Wheat,2.5
Region_D,2,23.1806726,288.7788018,64.95993942,6.2,2.9,1.4,Barley,2.6
Region_D,10,29.16471483,180.6441498,50.94561671,6.2,2.9,1.4,Barley,2.6
Region_C,5,26.16542705,124.8914195,59.51337274,5.8,3.2,1.6,Maize,2.8
Region_A,11,32.59791954,69.21551882,43.29089297,6.5,3,1.5,Wheat,2.5
Region_D,10,33.50034685,175.156067,58.38336229,6.2,2.9,1.4,Barley,2.6
Region_D,1,25.30132069,248.6288861,52.25853872,6.2,2.9,1.4,Barley,2.6
Region_B,6,23.55305838,226.7716193,72.89524845,7,2.8,1.8,Rice,3
Region_D,6,31.70788273,62.55650287,42.27914908,6.2,2.9,1.4,Barley,2.6
Region_D,4,24.12209053,68.22545884,56.744291,6.2,2.9,1.4,Barley,2.6
Region_B,8,32.33921478,150.7183207,58.33725697,7,2.8,1.8,Rice,3
Region_C,4,26.3560738,123.8226235,69.00024305,5.8,3.2,1.6,Maize,2.8
Region_D,8,30.01324849,108.0960808,62.971503,6.2,2.9,1.4,Barley,2.6
Region_B,8,21.43302971,120.2511247,66.68849349,7,2.8,1.8,Rice,3
Region_A,5,29.35788987,250.8706858,71.08197143,6.5,3,1.5,Wheat,2.5
Region_C,4,26.77651518,282.3070134,74.48811895,5.8,3.2,1.6,Maize,2.8
Region_A,12,28.79912695,151.2756736,52.55501987,6.5,3,1.5,Wheat,2.5
Region_A,2,22.52021312,276.5277505,61.52090821,6.5,3,1.5,Wheat,2.5
Region_B,11,31.05310617,130.3739253,73.60432314,7,2.8,1.8,Rice,3
Region_D,3,32.94195616,169.1092466,79.57804524,6.2,2.9,1.4,Barley,2.6
Region_B,3,23.251097,106.5072495,75.58077244,7,2.8,1.8,Rice,3
Region_B,4,21.43571833,210.1190105,54.8586905,7,2.8,1.8,Rice,3
Region_B,4,20.35457879,294.7452788,47.80666069,7,2.8,1.8,Rice,3
Region_B,10,29.62957251,200.873274,59.5757015,7,2.8,1.8,Rice,3
Region_C,11,29.10641054,139.453521,69.66565807,5.8,3.2,1.6,Maize,2.8
Region_D,11,28.20046119,211.9543615,59.70276283,6.2,2.9,1.4,Barley,2.6
Region_A,5,23.47920644,80.73016962,59.32723453,6.5,3,1.5,Wheat,2.5
Region_A,4,25.86358994,272.1647701,73.52921684,6.5,3,1.5,Wheat,2.5
Region_D,11,28.91714503,175.7709877,54.45615116,6.2,2.9,1.4,Barley,2.6
Region_A,10,27.45150288,162.3374355,74.39178699,6.5,3,1.5,Wheat,2.5
Region_D,8,34.8167828,196.4661971,56.27219204,6.2,2.9,1.4,Barley,2.6
Region_A,6,22.04659629,206.1959657,53.12932423,6.5,3,1.5,Wheat,2.5
Region_B,6,30.42716831,67.94395156,58.15959645,7,2.8,1.8,Rice,3
Region_A,8,26.06478152,220.6543053,70.49787835,6.5,3,1.5,Wheat,2.5
Region_D,7,26.42299422,110.4829201,45.04008111,6.2,2.9,1.4,Barley,2.6
Region_D,10,30.76396648,228.4881581,47.85676863,6.2,2.9,1.4,Barley,2.6
Region_D,11,30.38654227,255.6336986,78.05779303,6.2,2.9,1.4,Barley,2.6
Region_D,12,34.86883991,250.9896269,47.0196651,6.2,2.9,1.4,Barley,2.6
Region_D,10,21.92591434,188.1252419,62.70909272,6.2,2.9,1.4,Barley,2.6
Region_C,8,21.56164474,180.0424731,63.17257867,5.8,3.2,1.6,Maize,2.8
Region_C,2,30.86508226,85.71899033,59.58497848,5.8,3.2,1.6,Maize,2.8
Region_A,9,28.67580376,243.8365376,65.78980994,6.5,3,1.5,Wheat,2.5
Region_D,1,24.11241,117.8523451,49.19306903,6.2,2.9,1.4,Barley,2.6
Region_A,8,21.19129053,174.1738557,62.10649071,6.5,3,1.5,Wheat,2.5
Region_D,12,21.28487374,121.0685232,54.88693021,6.2,2.9,1.4,Barley,2.6
Region_D,11,33.41286312,83.45709075,66.46669039,6.2,2.9,1.4,Barley,2.6
Region_C,12,22.87800987,207.3894242,45.64894173,5.8,3.2,1.6,Maize,2.8
Region_C,12,24.85057343,63.58300871,62.83509667,5.8,3.2,1.6,Maize,2.8
Region_B,4,23.39984603,237.1613085,47.41081422,7,2.8,1.8,Rice,3
Region_C,4,25.32494459,129.3966988,51.14572252,5.8,3.2,1.6,Maize,2.8
Region_B,5,21.04135764,50.03367325,48.74839201,7,2.8,1.8,Rice,3
Region_B,8,27.78589686,177.7822848,47.31351119,7,2.8,1.8,Rice,3
Region_B,5,21.01418845,61.71297713,73.02843806,7,2.8,1.8,Rice,3
Region_B,8,32.00534762,119.0423895,51.42830271,7,2.8,1.8,Rice,3
Region_B,10,23.50568123,226.7441219,77.08495127,7,2.8,1.8,Rice,3
Region_A,1,28.10017872,65.67240541,78.79706101,6.5,3,1.5,Wheat,2.5
Region_C,12,33.20118631,259.8346231,62.8504188,5.8,3.2,1.6,Maize,2.8
Region_B,10,29.76316054,50.95498066,45.72004491,7,2.8,1.8,Rice,3
Region_D,9,27.9943668,111.7059673,54.98192974,6.2,2.9,1.4,Barley,2.6
Region_C,6,24.8650063,235.226014,71.90929053,5.8,3.2,1.6,Maize,2.8
Region_C,3,24.9950287,129.0675374,54.69562915,5.8,3.2,1.6,Maize,2.8
Region_B,8,30.04230433,75.47309702,43.48068873,7,2.8,1.8,Rice,3
Region_A,9,34.91209042,140.0584797,62.27139644,6.5,3,1.5,Wheat,2.5
Region_B,6,29.92758785,117.5983216,73.80483406,7,2.8,1.8,Rice,3
Region_A,11,28.36675126,260.6779755,71.83705549,6.5,3,1.5,Wheat,2.5
Region_D,7,30.95975765,128.3369794,47.00492561,6.2,2.9,1.4,Barley,2.6
Region_C,1,26.97808418,247.2331179,66.91058458,5.8,3.2,1.6,Maize,2.8
Region_D,5,20.90213514,272.9680362,48.82017054,6.2,2.9,1.4,Barley,2.6
Region_A,5,28.43445224,158.4543549,48.72830138,6.5,3,1.5,Wheat,2.5
Region_A,10,34.36437927,277.485786,74.96287093,6.5,3,1.5,Wheat,2.5
Region_D,4,22.62954414,144.3295135,49.98675811,6.2,2.9,1.4,Barley,2.6
Region_A,6,30.35007336,291.0196041,50.52989386,6.5,3,1.5,Wheat,2.5
Region_D,7,23.01400533,72.32238113,40.02613563,6.2,2.9,1.4,Barley,2.6
Region_C,9,28.03741527,221.7548166,74.82676137,5.8,3.2,1.6,Maize,2.8
Region_D,1,21.45014674,173.4535101,71.70379253,6.2,2.9,1.4,Barley,2.6
Region_C,6,26.75556404,146.9122014,65.0931574,5.8,3.2,1.6,Maize,2.8
Region_D,7,31.34244993,208.1779697,70.01063056,6.2,2.9,1.4,Barley,2.6
Region_A,3,25.21357286,225.9642729,46.0819427,6.5,3,1.5,Wheat,2.5
Region_D,8,29.97367587,51.09081741,58.33294378,6.2,2.9,1.4,Barley,2.6
Region_A,5,31.93174941,91.73827219,54.04877549,6.5,3,1.5,Wheat,2.5
Region_D,9,33.90766729,228.2615127,43.75106105,6.2,2.9,1.4,Barley,2.6
Region_D,5,23.51963123,216.5963534,59.44521941,6.2,2.9,1.4,Barley,2.6
Region_B,9,25.98973874,291.5118763,76.82958601,7,2.8,1.8,Rice,3
Region_A,10,22.2862402,240.2594476,41.60236476,6.5,3,1.5,Wheat,2.5
Region_B,4,34.88725253,287.6931769,51.65843654,7,2.8,1.8,Rice,3
Region_A,9,33.90501452,225.6351254,48.30163745,6.5,3,1.5,Wheat,2.5
Region_B,5,28.09935695,124.5130522,49.52586615,7,2.8,1.8,Rice,3
Region_C,10,32.63049942,76.34123056,76.33738208,5.8,3.2,1.6,Maize,2.8
Region_D,9,27.81436966,245.4559658,58.72276217,6.2,2.9,1.4,Barley,2.6
Region_A,3,29.35378532,211.0373054,58.65197652,6.5,3,1.5,Wheat,2.5
Region_A,4,21.33686648,62.0465031,70.4230257,6.5,3,1.5,Wheat,2.5
Region_D,9,31.32905631,140.0126165,46.17968816,6.2,2.9,1.4,Barley,2.6
Region_A,10,21.91570225,289.1999539,59.49061416,6.5,3,1.5,Wheat,2.5
Region_A,11,32.39101445,175.1002864,57.19940856,6.5,3,1.5,Wheat,2.5
Region_B,6,31.73042132,158.182284,63.87642762,7,2.8,1.8,Rice,3
Region_A,2,30.63117047,164.4249013,79.98230813,6.5,3,1.5,Wheat,2.5
Region_C,7,20.54240571,102.220681,70.77795576,5.8,3.2,1.6,Maize,2.8
Region_C,2,24.54692534,142.1767927,55.91462812,5.8,3.2,1.6,Maize,2.8
Region_D,11,23.94668855,142.453314,73.10212209,6.2,2.9,1.4,Barley,2.6
Region_A,2,25.40204611,63.08875505,46.82833453,6.5,3,1.5,Wheat,2.5
Region_D,11,21.3146412,241.8919071,41.21854745,6.2,2.9,1.4,Barley,2.6
Region_C,1,34.05436735,154.126108,48.1779349,5.8,3.2,1.6,Maize,2.8
Region_A,11,28.30703361,255.5449717,53.61646224,6.5,3,1.5,Wheat,2.5
Region_A,11,24.58286466,262.5870003,60.4232303,6.5,3,1.5,Wheat,2.5
Region_D,12,25.95472276,102.9985137,64.60516562,6.2,2.9,1.4,Barley,2.6
Region_C,11,26.70803811,214.3383705,76.42422869,5.8,3.2,1.6,Maize,2.8
Region_A,3,29.008915,168.070451,60.39416038,6.5,3,1.5,Wheat,2.5
Region_D,6,27.73519142,270.0391845,60.05102579,6.2,2.9,1.4,Barley,2.6
Region_C,8,33.7908796,103.9351698,42.00972039,5.8,3.2,1.6,Maize,2.8
Region_D,9,27.45445224,219.4533001,41.39646211,6.2,2.9,1.4,Barley,2.6
Region_B,7,34.88237022,201.9380306,62.04639848,7,2.8,1.8,Rice,3
Region_A,4,32.77137437,123.8253694,57.52714453,6.5,3,1.5,Wheat,2.5
Region_B,6,23.12765772,84.15022591,73.5672158,7,2.8,1.8,Rice,3
Region_C,5,33.95892822,212.9099401,46.42718339,5.8,3.2,1.6,Maize,2.8
Region_B,8,21.74549597,234.6493645,40.99886648,7,2.8,1.8,Rice,3
Region_B,1,32.26174563,128.9068359,57.96155072,7,2.8,1.8,Rice,3
Region_C,1,25.7093494,211.208151,49.49914227,5.8,3.2,1.6,Maize,2.8
Region_D,11,33.16961481,148.7827269,41.98457493,6.2,2.9,1.4,Barley,2.6
Region_B,6,33.02085035,228.3017208,68.98393147,7,2.8,1.8,Rice,3
Region_D,10,32.088881,99.80381872,44.46372,6.2,2.9,1.4,Barley,2.6
Region_B,12,31.85045654,272.5537507,64.33278,7,2.8,1.8,Rice,3
Region_D,2,24.57018709,121.8523991,51.24199001,6.2,2.9,1.4,Barley,2.6
Region_C,5,21.21378925,141.9464969,46.93984201,5.8,3.2,1.6,Maize,2.8
Region_B,1,26.04470268,64.52298802,55.19006092,7,2.8,1.8,Rice,3
Region_C,7,22.60286772,77.87805308,72.05783105,5.8,3.2,1.6,Maize,2.8
Region_B,1,30.42426633,178.9654757,55.68374308,7,2.8,1.8,Rice,3
Region_C,4,25.1914959,116.8981692,70.03078597,5.8,3.2,1.6,Maize,2.8
Region_C,9,34.63415301,258.8700564,45.01945187,5.8,3.2,1.6,Maize,2.8
Region_B,1,29.61458116,53.67334716,70.91085679,7,2.8,1.8,Rice,3
Region_B,4,32.33720845,144.7735122,49.477333,7,2.8,1.8,Rice,3
Region_B,6,21.98787009,134.3363867,67.0957252,7,2.8,1.8,Rice,3
Region_A,6,32.93021723,54.83190773,62.63126219,6.5,3,1.5,Wheat,2.5
Region_D,12,33.84135786,81.09209975,77.16578869,6.2,2.9,1.4,Barley,2.6
Region_A,8,27.30592878,153.4106687,55.49290072,6.5,3,1.5,Wheat,2.5
Region_A,1,29.09379407,173.2161461,42.64660755,6.5,3,1.5,Wheat,2.5
Region_C,7,31.47214701,151.0724368,40.76621942,5.8,3.2,1.6,Maize,2.8
Region_B,1,22.62257941,182.7344196,73.07434244,7,2.8,1.8,Rice,3
Region_D,7,27.53849115,198.7829187,60.98942551,6.2,2.9,1.4,Barley,2.6
Region_C,3,25.97994542,52.48095528,71.00976207,5.8,3.2,1.6,Maize,2.8
Region_A,11,22.19560988,166.0237899,49.377024,6.5,3,1.5,Wheat,2.5
Region_B,8,25.51301633,290.8748102,53.80334982,7,2.8,1.8,Rice,3
Region_C,3,21.02258464,179.75807,41.20415489,5.8,3.2,1.6,Maize,2.8
Region_B,1,20.3871786,219.3855669,78.45969298,7,2.8,1.8,Rice,3
Region_C,8,22.02749434,127.9659645,66.71471627,5.8,3.2,1.6,Maize,2.8
Region_B,3,34.44672667,243.4978445,77.32820351,7,2.8,1.8,Rice,3
Region_A,2,28.24294304,243.2303705,50.6198563,6.5,3,1.5,Wheat,2.5
Region_D,1,34.48733242,180.3240119,64.45854445,6.2,2.9,1.4,Barley,2.6
Region_A,3,26.48746817,294.0034558,67.13999873,6.5,3,1.5,Wheat,2.5
Region_D,2,24.677242,81.38755369,52.70198801,6.2,2.9,1.4,Barley,2.6
Region_B,2,27.59212794,54.23691622,73.9243694,7,2.8,1.8,Rice,3
Region_C,6,26.59267533,242.5395529,77.88645852,5.8,3.2,1.6,Maize,2.8
Region_A,12,21.58497026,251.7888843,75.39420471,6.5,3,1.5,Wheat,2.5
Region_D,1,29.61239472,80.05180728,69.56267904,6.2,2.9,1.4,Barley,2.6
Region_A,2,23.24057274,116.3957082,51.09858719,6.5,3,1.5,Wheat,2.5
Region_D,6,29.29381932,54.38809084,51.26464168,6.2,2.9,1.4,Barley,2.6
Region_A,3,29.75301639,123.3271527,78.53441282,6.5,3,1.5,Wheat,2.5
Region_D,4,22.2803728,243.2854685,40.41137984,6.2,2.9,1.4,Barley,2.6
Region_D,1,20.92024441,179.4901319,68.64199893,6.2,2.9,1.4,Barley,2.6
Region_B,8,31.71142379,137.0238983,68.2498465,7,2.8,1.8,Rice,3
Region_D,7,26.89700636,142.9348237,64.90758164,6.2,2.9,1.4,Barley,2.6
Region_B,7,20.87245693,50.33840643,79.60435384,7,2.8,1.8,Rice,3
Region_D,3,34.92299476,124.9501319,52.47517743,6.2,2.9,1.4,Barley,2.6
Region_C,10,20.86670841,211.6146854,53.59887455,5.8,3.2,1.6,Maize,2.8
Region_C,10,30.42552843,293.548611,43.15757612,5.8,3.2,1.6,Maize,2.8
Region_C,3,34.75518388,261.7652067,57.71192546,5.8,3.2,1.6,Maize,2.8
Region_D,2,23.58770156,55.89874116,50.44194105,6.2,2.9,1.4,Barley,2.6
Region_B,12,22.13374053,274.6401512,53.73546809,7,2.8,1.8,Rice,3
Region_B,1,21.82077409,245.7996033,73.38287161,7,2.8,1.8,Rice,3
Region_D,7,24.54912721,245.0940309,77.41938054,6.2,2.9,1.4,Barley,2.6
Region_C,7,21.51568717,164.4989398,47.42932288,5.8,3.2,1.6,Maize,2.8
Region_C,12,30.38242013,149.5013232,54.90035726,5.8,3.2,1.6,Maize,2.8
Region_B,2,20.93437697,125.7289322,77.14522248,7,2.8,1.8,Rice,3
Region_C,7,27.64133192,66.42371474,42.47233843,5.8,3.2,1.6,Maize,2.8
Region_A,8,34.95045281,107.0588409,43.69442112,6.5,3,1.5,Wheat,2.5
Region_B,1,32.20955404,111.6509087,46.51163957,7,2.8,1.8,Rice,3
Region_C,9,29.22829157,171.0192674,63.80851337,5.8,3.2,1.6,Maize,2.8
Region_B,7,24.59380431,236.8611016,46.01889084,7,2.8,1.8,Rice,3
Region_A,3,29.35843754,168.4524571,78.72305526,6.5,3,1.5,Wheat,2.5
Region_B,8,27.90562196,64.46111236,57.86858109,7,2.8,1.8,Rice,3
Region_B,7,26.39125076,289.4474502,60.06071841,7,2.8,1.8,Rice,3
Region_B,11,21.96065565,285.6810798,49.86634463,7,2.8,1.8,Rice,3
Region_B,8,33.29906323,246.2973858,58.8384101,7,2.8,1.8,Rice,3
Region_A,6,26.74676973,297.8319754,66.47654531,6.5,3,1.5,Wheat,2.5
Region_D,9,22.91933768,186.1205832,70.04708548,6.2,2.9,1.4,Barley,2.6
Region_B,5,25.51639026,290.6920876,70.15472331,7,2.8,1.8,Rice,3
Region_B,3,26.21194629,68.90126015,63.11564451,7,2.8,1.8,Rice,3
Region_C,3,32.41306843,141.4201871,76.174391,5.8,3.2,1.6,Maize,2.8
Region_B,1,31.00421571,106.345317,72.69631389,7,2.8,1.8,Rice,3
Region_C,12,31.5395734,98.95827103,70.28192459,5.8,3.2,1.6,Maize,2.8
Region_D,8,20.16546897,85.20073722,42.22422087,6.2,2.9,1.4,Barley,2.6
Region_A,2,26.24230997,205.6034104,40.27511849,6.5,3,1.5,Wheat,2.5
Region_A,3,27.22016227,245.3304639,48.49789109,6.5,3,1.5,Wheat,2.5
Region_D,8,20.28788415,194.5745999,66.54094376,6.2,2.9,1.4,Barley,2.6
Region_A,8,23.89719813,86.7406774,56.44789956,6.5,3,1.5,Wheat,2.5
Region_D,11,31.40434735,252.7809425,56.09625037,6.2,2.9,1.4,Barley,2.6
Region_D,4,22.05664559,208.9886768,75.38347553,6.2,2.9,1.4,Barley,2.6
Region_D,4,28.02965197,147.0414265,75.82251393,6.2,2.9,1.4,Barley,2.6
Region_A,5,23.22802808,218.5325739,76.36701056,6.5,3,1.5,Wheat,2.5
Region_C,6,20.18181162,114.9762448,52.55512306,5.8,3.2,1.6,Maize,2.8
Region_D,5,23.61802186,136.2980521,67.64223251,6.2,2.9,1.4,Barley,2.6
Region_B,7,34.63810632,279.3714608,50.86532725,7,2.8,1.8,Rice,3
Region_A,2,32.02305668,122.6261264,47.62439332,6.5,3,1.5,Wheat,2.5
Region_D,7,34.39364966,167.497067,47.38529829,6.2,2.9,1.4,Barley,2.6
Region_D,10,27.31781066,272.5352843,53.68430483,6.2,2.9,1.4,Barley,2.6
Region_B,7,21.64604298,226.9303376,57.19830479,7,2.8,1.8,Rice,3
Region_C,1,28.21939233,65.55080654,73.23796684,5.8,3.2,1.6,Maize,2.8
Region_C,7,26.81566002,86.82576107,44.79564374,5.8,3.2,1.6,Maize,2.8
Region_C,5,32.66535624,51.96039769,69.3970339,5.8,3.2,1.6,Maize,2.8
Region_D,3,21.47123871,207.7304476,61.25819657,6.2,2.9,1.4,Barley,2.6
Region_D,3,27.32361706,161.9183564,51.51781371,6.2,2.9,1.4,Barley,2.6
Region_D,4,22.25072997,83.56871273,59.71278338,6.2,2.9,1.4,Barley,2.6
Region_A,12,24.8701389,289.4835303,51.99768279,6.5,3,1.5,Wheat,2.5
Region_B,2,31.06035616,182.414931,63.84327821,7,2.8,1.8,Rice,3
Region_D,2,27.14027194,110.4733235,57.35375691,6.2,2.9,1.4,Barley,2.6
Region_B,1,25.63832428,175.1508928,46.57622116,7,2.8,1.8,Rice,3
Region_B,5,25.91714418,219.9050832,44.66332298,7,2.8,1.8,Rice,3
Region_C,4,26.89170153,69.05980449,61.86782728,5.8,3.2,1.6,Maize,2.8
Region_A,11,31.77524816,118.6759538,76.09652133,6.5,3,1.5,Wheat,2.5
Region_D,10,33.38127033,251.7413727,53.75830746,6.2,2.9,1.4,Barley,2.6
Region_C,2,34.3300203,164.9162176,69.32000429,5.8,3.2,1.6,Maize,2.8
Region_C,3,31.80355079,186.6442855,66.3464542,5.8,3.2,1.6,Maize,2.8
Region_D,7,24.73110344,158.2040006,77.26219657,6.2,2.9,1.4,Barley,2.6
Region_B,7,30.32202059,60.97498566,72.83924069,7,2.8,1.8,Rice,3
Region_C,12,26.56404686,91.43744496,62.66421036,5.8,3.2,1.6,Maize,2.8
Region_B,4,23.82005933,161.3854097,66.28121993,7,2.8,1.8,Rice,3
Region_A,5,32.61307369,102.2963664,75.93545866,6.5,3,1.5,Wheat,2.5
Region_B,5,20.57639523,62.49475716,55.98075138,7,2.8,1.8,Rice,3
Region_A,6,33.52642988,260.912416,53.07178823,6.5,3,1.5,Wheat,2.5
Region_B,9,26.92216197,295.2981323,40.43244335,7,2.8,1.8,Rice,3
Region_C,2,29.55802215,248.2857185,73.06204297,5.8,3.2,1.6,Maize,2.8
Region_C,5,29.89030883,263.4462304,72.03922802,5.8,3.2,1.6,Maize,2.8
Region_A,12,33.42676611,110.4942826,44.17818072,6.5,3,1.5,Wheat,2.5
Region_D,3,29.55004523,290.1567439,63.07429525,6.2,2.9,1.4,Barley,2.6
Region_A,4,29.20900377,99.23142611,58.55926793,6.5,3,1.5,Wheat,2.5
Region_A,10,20.99978061,287.8574526,44.74836382,6.5,3,1.5,Wheat,2.5
Region_B,6,27.77612033,298.7048235,79.22272908,7,2.8,1.8,Rice,3
Region_B,12,22.25253501,227.9307014,48.5878355,7,2.8,1.8,Rice,3
Region_A,8,31.06150653,295.2859329,42.6893672,6.5,3,1.5,Wheat,2.5
Region_C,1,27.68332881,192.3849449,63.79389518,5.8,3.2,1.6,Maize,2.8
Region_B,10,30.20341669,114.8854458,69.55466709,7,2.8,1.8,Rice,3
Region_D,8,20.62509351,159.2489714,41.29773784,6.2,2.9,1.4,Barley,2.6
Region_B,11,21.27188024,198.3902338,66.34870555,7,2.8,1.8,Rice,3
Region_B,7,30.74485082,68.27039051,61.29167504,7,2.8,1.8,Rice,3
Region_D,1,21.08126504,205.5858162,44.13060036,6.2,2.9,1.4,Barley,2.6
Region_A,2,21.06885092,295.2944592,46.90095508,6.5,3,1.5,Wheat,2.5
Region_D,3,20.18162713,97.52691245,62.71897189,6.2,2.9,1.4,Barley,2.6
Region_A,1,34.34752097,248.1487791,51.85430454,6.5,3,1.5,Wheat,2.5
Region_A,9,31.06262539,276.9746984,77.53262915,6.5,3,1.5,Wheat,2.5
Region_A,8,25.29877113,285.9253982,72.74960918,6.5,3,1.5,Wheat,2.5
Region_D,2,24.44803372,290.0339011,79.34268826,6.2,2.9,1.4,Barley,2.6
Region_A,9,25.24554845,180.3649097,50.38683356,6.5,3,1.5,Wheat,2.5
Region_C,7,31.61980297,294.326977,78.78894531,5.8,3.2,1.6,Maize,2.8
Region_D,9,29.92055917,239.3275518,57.24935479,6.2,2.9,1.4,Barley,2.6
Region_C,6,22.77793352,90.41785906,53.90075181,5.8,3.2,1.6,Maize,2.8
Region_A,6,22.61164003,169.2250266,42.01398108,6.5,3,1.5,Wheat,2.5
Region_B,11,21.47593475,229.5827938,42.11061031,7,2.8,1.8,Rice,3
Region_A,4,29.9045408,111.835079,67.68045024,6.5,3,1.5,Wheat,2.5
Region_C,10,31.46558993,210.1537959,58.31715978,5.8,3.2,1.6,Maize,2.8
Region_C,10,23.97569642,216.6501198,49.06086504,5.8,3.2,1.6,Maize,2.8
Region_D,2,20.31417442,90.67493595,64.55881225,6.2,2.9,1.4,Barley,2.6
Region_B,7,21.23257501,191.2713281,50.11432473,7,2.8,1.8,Rice,3
Region_D,5,34.51790052,242.9067277,63.10527017,6.2,2.9,1.4,Barley,2.6
Region_C,11,24.43167166,174.7239161,54.36834988,5.8,3.2,1.6,Maize,2.8
Region_A,6,31.53834722,53.02577919,72.94208906,6.5,3,1.5,Wheat,2.5
Region_B,2,29.36995353,52.25961727,72.82784643,7,2.8,1.8,Rice,3
Region_A,5,25.72909459,139.257336,59.09401592,6.5,3,1.5,Wheat,2.5
Region_A,10,23.08530893,281.5485171,54.03276437,6.5,3,1.5,Wheat,2.5
Region_B,4,21.82079627,107.1691949,54.50239186,7,2.8,1.8,Rice,3
Region_D,9,29.22519452,208.5909222,72.22858103,6.2,2.9,1.4,Barley,2.6
Region_A,6,31.61950671,105.5189677,53.12717931,6.5,3,1.5,Wheat,2.5
Region_C,2,29.6585638,130.4174974,48.36237495,5.8,3.2,1.6,Maize,2.8
Region_A,1,27.954532,262.0105224,43.38753368,6.5,3,1.5,Wheat,2.5
Region_B,5,20.62926835,232.2153606,58.66772484,7,2.8,1.8,Rice,3
Region_B,9,34.52733166,73.84981933,59.28528396,7,2.8,1.8,Rice,3
Region_B,6,31.98071287,157.1755052,73.63634842,7,2.8,1.8,Rice,3
Region_D,10,24.39233055,57.29244091,48.84954786,6.2,2.9,1.4,Barley,2.6
Region_A,12,34.69955494,170.2225367,55.23965095,6.5,3,1.5,Wheat,2.5
Region_D,7,29.02822384,215.6085029,72.33622956,6.2,2.9,1.4,Barley,2.6
Region_D,5,28.73633987,79.6256559,72.94494443,6.2,2.9,1.4,Barley,2.6
Region_B,10,31.22109769,122.2212347,55.38444304,7,2.8,1.8,Rice,3
Region_B,6,32.17654682,149.4591564,58.36496093,7,2.8,1.8,Rice,3
Region_D,5,29.84717911,279.8827562,52.13143563,6.2,2.9,1.4,Barley,2.6
Region_A,11,21.9214362,298.3137539,77.30219514,6.5,3,1.5,Wheat,2.5
Region_C,9,25.07401259,61.22782475,44.74575063,5.8,3.2,1.6,Maize,2.8
Region_D,6,33.9212546,240.2519809,77.34997692,6.2,2.9,1.4,Barley,2.6
Region_A,11,23.36923418,142.9310166,67.35465807,6.5,3,1.5,Wheat,2.5
Region_B,8,25.58250536,148.1145466,61.26288611,7,2.8,1.8,Rice,3
Region_B,2,26.48115324,238.5662433,41.30636243,7,2.8,1.8,Rice,3
Region_A,12,26.59107485,279.606608,59.02384767,6.5,3,1.5,Wheat,2.5
Region_C,9,29.19409374,287.7321486,56.3099242,5.8,3.2,1.6,Maize,2.8
Region_B,5,34.14613757,194.2806465,46.44875248,7,2.8,1.8,Rice,3
Region_B,7,23.61039068,139.2802898,66.25638414,7,2.8,1.8,Rice,3
Region_B,10,21.82252064,246.8872715,78.84603629,7,2.8,1.8,Rice,3
Region_A,1,22.96205735,112.7503458,62.48755244,6.5,3,1.5,Wheat,2.5
Region_D,10,33.3038735,191.0185072,68.59013106,6.2,2.9,1.4,Barley,2.6
Region_B,5,29.68716219,139.6446154,42.7380181,7,2.8,1.8,Rice,3
Region_D,12,24.28860184,214.1577684,56.70667983,6.2,2.9,1.4,Barley,2.6
Region_C,10,32.23920408,110.0997282,44.65433941,5.8,3.2,1.6,Maize,2.8
Region_B,2,32.92054995,97.89823643,64.51183342,7,2.8,1.8,Rice,3
Region_B,12,32.69771508,279.5597717,77.53928633,7,2.8,1.8,Rice,3
Region_C,6,33.783898,75.45092074,66.4711093,5.8,3.2,1.6,Maize,2.8
Region_B,11,23.7836153,176.4894769,43.07212193,7,2.8,1.8,Rice,3
Region_D,1,31.32562893,105.2131957,54.1866482,6.2,2.9,1.4,Barley,2.6
Region_A,3,26.90809246,59.73249083,62.02653518,6.5,3,1.5,Wheat,2.5
Region_D,5,32.62997829,59.00470457,56.12831025,6.2,2.9,1.4,Barley,2.6
Region_A,4,30.92736016,93.80544303,73.34576042,6.5,3,1.5,Wheat,2.5
Region_A,3,31.6467117,266.6925886,72.58684019,6.5,3,1.5,Wheat,2.5
Region_D,10,29.84242757,120.619686,64.4732408,6.2,2.9,1.4,Barley,2.6
Region_D,5,22.66143154,287.6147926,54.93831781,6.2,2.9,1.4,Barley,2.6
Region_D,11,28.17540378,195.4055732,50.21345495,6.2,2.9,1.4,Barley,2.6
Region_D,8,34.77004609,159.1535474,44.23497273,6.2,2.9,1.4,Barley,2.6
Region_C,11,34.060821,195.0222087,54.19590734,5.8,3.2,1.6,Maize,2.8
Region_B,4,20.64760604,179.1745963,56.52690069,7,2.8,1.8,Rice,3
Region_A,1,22.47222224,239.6940634,67.032917,6.5,3,1.5,Wheat,2.5
Region_D,11,21.9759316,120.6240165,66.32639297,6.2,2.9,1.4,Barley,2.6
Region_D,7,30.88969865,138.2625979,42.80432559,6.2,2.9,1.4,Barley,2.6
Region_D,8,32.26677995,273.5235756,55.81037262,6.2,2.9,1.4,Barley,2.6
Region_C,3,23.20267049,286.6141283,47.27115469,5.8,3.2,1.6,Maize,2.8
Region_D,6,27.58779039,273.1395569,46.27250821,6.2,2.9,1.4,Barley,2.6
Region_D,2,32.61054542,154.8619985,73.09208599,6.2,2.9,1.4,Barley,2.6
Region_D,7,30.99202317,245.0913758,41.67660867,6.2,2.9,1.4,Barley,2.6
Region_B,8,28.13355808,169.0839333,56.76731504,7,2.8,1.8,Rice,3
Region_C,6,28.85521536,174.384963,46.72814623,5.8,3.2,1.6,Maize,2.8
Region_D,6,27.6254082,101.1700273,75.17320863,6.2,2.9,1.4,Barley,2.6
Region_A,5,24.46322677,197.7825758,62.28162053,6.5,3,1.5,Wheat,2.5
Region_A,8,28.47532989,96.53397444,49.25522546,6.5,3,1.5,Wheat,2.5
Region_A,1,30.33327953,132.8911748,60.09709149,6.5,3,1.5,Wheat,2.5
Region_C,10,33.09984374,263.7575504,69.25945439,5.8,3.2,1.6,Maize,2.8
Region_C,4,29.54437031,101.7689523,78.32472036,5.8,3.2,1.6,Maize,2.8
Region_A,4,31.41682306,67.78957129,48.81784017,6.5,3,1.5,Wheat,2.5
Region_D,3,22.40107452,67.25189815,75.44727089,6.2,2.9,1.4,Barley,2.6
Region_C,3,26.92336212,285.1961301,77.37216457,5.8,3.2,1.6,Maize,2.8
Region_A,4,20.1399743,176.7301095,76.65682178,6.5,3,1.5,Wheat,2.5
Region_A,11,23.70018297,152.353018,65.41657427,6.5,3,1.5,Wheat,2.5
Region_D,1,30.89692573,252.7196453,65.19282618,6.2,2.9,1.4,Barley,2.6
Region_B,11,34.87714927,258.956482,56.12842533,7,2.8,1.8,Rice,3
Region_C,11,21.48767149,133.0477583,70.09591529,5.8,3.2,1.6,Maize,2.8
Region_D,2,26.02241474,223.4045144,61.25176073,6.2,2.9,1.4,Barley,2.6
Region_A,9,32.00106453,242.780704,67.09752285,6.5,3,1.5,Wheat,2.5
Region_A,10,23.06053452,213.6626717,57.13831615,6.5,3,1.5,Wheat,2.5
Region_D,2,28.32627424,87.8987687,69.25985856,6.2,2.9,1.4,Barley,2.6
Region_C,5,30.99606944,268.9707709,72.9788607,5.8,3.2,1.6,Maize,2.8
Region_B,9,29.23978175,184.7736382,45.85745026,7,2.8,1.8,Rice,3
Region_B,9,22.82037102,120.6181066,73.31718862,7,2.8,1.8,Rice,3
Region_A,8,25.33076853,156.3070464,61.61186127,6.5,3,1.5,Wheat,2.5
Region_C,1,31.75687677,59.3927726,73.78663636,5.8,3.2,1.6,Maize,2.8
Region_B,1,28.31339771,81.96670031,57.25206825,7,2.8,1.8,Rice,3
Region_C,9,20.0784442,241.3866876,55.16161942,5.8,3.2,1.6,Maize,2.8
Region_C,11,31.4148614,50.00290869,76.6024293,5.8,3.2,1.6,Maize,2.8
Region_A,8,20.52967032,154.1414571,50.0467707,6.5,3,1.5,Wheat,2.5
Region_B,10,31.18600674,180.6275453,73.76849301,7,2.8,1.8,Rice,3
Region_D,9,23.0372084,63.658605,59.3608229,6.2,2.9,1.4,Barley,2.6
Region_A,7,34.3711022,293.2695407,60.5638177,6.5,3,1.5,Wheat,2.5
Region_B,3,25.51911127,106.5313328,52.33873126,7,2.8,1.8,Rice,3
Region_B,3,24.90397425,126.0496799,62.92168802,7,2.8,1.8,Rice,3
Region_B,2,22.23332075,125.9856281,53.00844785,7,2.8,1.8,Rice,3
Region_B,5,24.58406323,107.6041655,41.57077657,7,2.8,1.8,Rice,3
Region_B,12,33.14976143,50.36845552,50.87994421,7,2.8,1.8,Rice,3
Region_C,12,34.94501506,232.3361985,40.25516174,5.8,3.2,1.6,Maize,2.8
Region_A,3,25.52464296,291.7113749,79.13419148,6.5,3,1.5,Wheat,2.5
Region_C,6,26.72915946,106.0733708,78.62988839,5.8,3.2,1.6,Maize,2.8
Region_D,2,30.83106407,215.761798,55.8062119,6.2,2.9,1.4,Barley,2.6
Region_B,12,33.29293671,235.4740817,69.13483417,7,2.8,1.8,Rice,3
Region_A,3,28.89566501,262.1063448,53.83224394,6.5,3,1.5,Wheat,2.5
Region_B,5,25.87288547,155.6572993,66.84372628,7,2.8,1.8,Rice,3
Region_A,12,26.18932761,125.7327264,72.21720172,6.5,3,1.5,Wheat,2.5
Region_C,11,30.4342722,131.3237835,77.87024979,5.8,3.2,1.6,Maize,2.8
Region_A,11,20.04827395,228.1553333,56.00849103,6.5,3,1.5,Wheat,2.5
Region_D,1,29.29384006,254.1948666,71.33191932,6.2,2.9,1.4,Barley,2.6
Region_D,1,25.33239516,95.40349194,50.63713803,6.2,2.9,1.4,Barley,2.6
Region_A,10,31.91295997,142.735252,79.61329215,6.5,3,1.5,Wheat,2.5
Region_A,9,21.3948596,275.4850492,41.03078395,6.5,3,1.5,Wheat,2.5
Region_A,7,28.823034,251.6733799,64.14115226,6.5,3,1.5,Wheat,2.5
Region_A,1,27.21459335,296.2146007,66.38023927,6.5,3,1.5,Wheat,2.5
Region_D,12,29.63488289,238.5620649,67.52182228,6.2,2.9,1.4,Barley,2.6
Region_B,8,20.97280392,148.2988003,44.81550315,7,2.8,1.8,Rice,3
Region_A,3,28.69975681,197.6594585,77.54119134,6.5,3,1.5,Wheat,2.5
Region_A,8,28.42226882,215.2535636,47.24733116,6.5,3,1.5,Wheat,2.5
Region_D,5,28.40990142,69.61395408,64.91013613,6.2,2.9,1.4,Barley,2.6
Region_D,1,29.052315,186.1242398,48.90704316,6.2,2.9,1.4,Barley,2.6
Region_C,7,30.14701906,227.3302071,52.28865668,5.8,3.2,1.6,Maize,2.8
Region_A,5,32.074835,91.830326,61.85834167,6.5,3,1.5,Wheat,2.5
Region_C,6,24.0473108,245.1579294,56.68773674,5.8,3.2,1.6,Maize,2.8
Region_D,6,32.37574115,195.9431951,46.40902404,6.2,2.9,1.4,Barley,2.6
Region_D,8,27.47383523,288.0554464,46.8374561,6.2,2.9,1.4,Barley,2.6
Region_B,9,21.15587419,60.60557455,56.72579153,7,2.8,1.8,Rice,3
Region_A,2,20.87826394,116.3315344,70.29131913,6.5,3,1.5,Wheat,2.5
Region_C,9,25.01357478,200.3884698,75.91858587,5.8,3.2,1.6,Maize,2.8
Region_D,12,31.77345466,124.1399781,43.36510649,6.2,2.9,1.4,Barley,2.6
Region_D,11,30.61521402,228.606041,55.7241563,6.2,2.9,1.4,Barley,2.6
Region_C,10,31.82922447,239.7513206,44.00982255,5.8,3.2,1.6,Maize,2.8
Region_B,9,27.75903585,75.62899102,40.66369923,7,2.8,1.8,Rice,3
Region_D,10,26.60298497,178.4636161,66.46874731,6.2,2.9,1.4,Barley,2.6
Region_A,10,22.2117879,177.2226389,64.09797768,6.5,3,1.5,Wheat,2.5
Region_D,7,24.9228913,142.3201926,46.52076455,6.2,2.9,1.4,Barley,2.6
Region_A,1,26.51029049,283.2312156,49.35251332,6.5,3,1.5,Wheat,2.5
Region_C,7,21.32900645,256.87658,40.94831015,5.8,3.2,1.6,Maize,2.8
Region_A,10,23.30917929,224.3023455,73.39788823,6.5,3,1.5,Wheat,2.5
Region_C,5,28.97337941,228.5816589,78.98762384,5.8,3.2,1.6,Maize,2.8
Region_A,6,31.03494671,165.429036,45.41838147,6.5,3,1.5,Wheat,2.5
Region_C,10,34.97521267,280.2486303,49.25900855,5.8,3.2,1.6,Maize,2.8
Region_A,7,33.99669997,223.6488568,74.73638096,6.5,3,1.5,Wheat,2.5
Region_B,5,29.63847799,232.2452654,77.05855192,7,2.8,1.8,Rice,3
Region_A,7,26.3187208,265.4227259,56.78509531,6.5,3,1.5,Wheat,2.5
Region_A,9,29.54266047,118.5178973,42.02489889,6.5,3,1.5,Wheat,2.5
Region_B,3,31.78477427,251.767726,41.57567335,7,2.8,1.8,Rice,3
Region_D,8,21.77504286,98.81015074,62.95799464,6.2,2.9,1.4,Barley,2.6
Region_D,2,26.14857335,136.3354881,55.71580436,6.2,2.9,1.4,Barley,2.6
Region_A,11,32.59703428,133.9026136,41.1460971,6.5,3,1.5,Wheat,2.5
Region_B,7,25.75749428,294.6313671,63.33009569,7,2.8,1.8,Rice,3
Region_A,2,28.57808407,264.1343059,40.45210146,6.5,3,1.5,Wheat,2.5
Region_C,4,28.81654041,225.2924654,71.49487833,5.8,3.2,1.6,Maize,2.8
Region_C,7,22.7671438,231.7641904,52.25731291,5.8,3.2,1.6,Maize,2.8
Region_A,3,25.43353162,190.5181986,41.61032012,6.5,3,1.5,Wheat,2.5
Region_D,2,25.01766933,286.7726668,63.53408884,6.2,2.9,1.4,Barley,2.6
Region_D,11,20.39295063,174.0646882,55.90737658,6.2,2.9,1.4,Barley,2.6
Region_A,10,20.36287646,145.1294275,78.95201653,6.5,3,1.5,Wheat,2.5
Region_A,7,32.47545566,90.75883423,61.7679465,6.5,3,1.5,Wheat,2.5
Region_C,1,24.09606215,246.5514131,51.00956724,5.8,3.2,1.6,Maize,2.8
Region_D,8,27.77118149,233.610983,68.37755459,6.2,2.9,1.4,Barley,2.6
Region_A,3,24.4808836,146.0887596,50.8596801,6.5,3,1.5,Wheat,2.5
Region_C,12,34.11018868,56.29835349,76.16973166,5.8,3.2,1.6,Maize,2.8
Region_D,12,23.88945138,259.7493319,54.98887882,6.2,2.9,1.4,Barley,2.6
Region_B,2,26.44485219,52.85449586,61.99474251,7,2.8,1.8,Rice,3
Region_C,3,33.09095376,225.9249449,42.02292415,5.8,3.2,1.6,Maize,2.8
Region_D,5,32.6290035,292.5642774,57.04484952,6.2,2.9,1.4,Barley,2.6
Region_D,11,22.79152127,159.415332,73.29454159,6.2,2.9,1.4,Barley,2.6
Region_C,8,32.03964965,108.7433512,72.22595221,5.8,3.2,1.6,Maize,2.8
Region_B,10,26.8728033,226.2177525,48.97274235,7,2.8,1.8,Rice,3
Region_C,7,27.24453308,254.2820355,49.04316284,5.8,3.2,1.6,Maize,2.8
Region_D,7,22.00219959,186.607579,72.69221249,6.2,2.9,1.4,Barley,2.6
Region_A,12,21.20902271,291.7588188,77.21593681,6.5,3,1.5,Wheat,2.5
Region_A,7,30.9190896,62.91718041,43.81443685,6.5,3,1.5,Wheat,2.5
Region_C,8,27.44691729,176.1988996,58.00234558,5.8,3.2,1.6,Maize,2.8
Region_D,1,26.55276054,229.6134868,53.49817116,6.2,2.9,1.4,Barley,2.6
Region_A,4,30.94262343,265.6601178,74.82753822,6.5,3,1.5,Wheat,2.5
Region_D,6,31.48269348,94.81390298,43.34099659,6.2,2.9,1.4,Barley,2.6
Region_C,9,22.38362252,250.0008704,48.4450377,5.8,3.2,1.6,Maize,2.8
Region_A,2,29.15337724,188.1767689,70.0987335,6.5,3,1.5,Wheat,2.5
Region_D,1,22.03031123,149.1384205,42.05175396,6.2,2.9,1.4,Barley,2.6
Region_A,10,31.27062629,82.92875714,59.70141523,6.5,3,1.5,Wheat,2.5
Region_C,12,29.85432734,266.3239397,57.68428139,5.8,3.2,1.6,Maize,2.8
Region_D,2,34.34921932,89.31830204,53.37604716,6.2,2.9,1.4,Barley,2.6
Region_A,7,21.03437025,127.4469648,55.78289261,6.5,3,1.5,Wheat,2.5
Region_C,3,20.85582082,122.511383,61.19762348,5.8,3.2,1.6,Maize,2.8
Region_A,10,24.23280612,267.8535085,46.45469434,6.5,3,1.5,Wheat,2.5
Region_A,2,23.92558526,218.1757486,62.87983513,6.5,3,1.5,Wheat,2.5
Region_B,11,23.70468199,249.1703493,72.21729317,7,2.8,1.8,Rice,3
Region_B,7,33.59381871,112.6169747,70.40643719,7,2.8,1.8,Rice,3
Region_C,2,23.743193,206.2185249,46.15599619,5.8,3.2,1.6,Maize,2.8
Region_B,3,24.07924589,192.9364958,45.96997879,7,2.8,1.8,Rice,3
Region_C,11,31.39097394,258.2075942,50.72697471,5.8,3.2,1.6,Maize,2.8
Region_B,7,26.74609764,276.5217651,54.44298905,7,2.8,1.8,Rice,3
Region_A,4,31.65065835,53.03919287,56.33822326,6.5,3,1.5,Wheat,2.5
Region_C,1,20.98049236,218.5049798,67.18788867,5.8,3.2,1.6,Maize,2.8
Region_C,5,27.31356791,62.95894978,42.26721729,5.8,3.2,1.6,Maize,2.8
Region_A,12,20.504204,187.2146663,41.38690817,6.5,3,1.5,Wheat,2.5
Region_C,9,20.93979805,121.9081823,55.67642252,5.8,3.2,1.6,Maize,2.8
Region_C,8,33.5965618,126.6941499,67.88654769,5.8,3.2,1.6,Maize,2.8
Region_B,12,22.08868057,138.2396259,47.73741372,7,2.8,1.8,Rice,3
Region_C,9,27.98631023,205.3231123,65.66017925,5.8,3.2,1.6,Maize,2.8
Region_D,10,26.16643404,133.5124914,50.39312552,6.2,2.9,1.4,Barley,2.6
Region_A,9,25.21014989,233.1747626,75.44344435,6.5,3,1.5,Wheat,2.5
Region_B,7,33.49750019,151.1318464,75.82759777,7,2.8,1.8,Rice,3
Region_B,4,20.32735095,67.08830008,51.89148817,7,2.8,1.8,Rice,3
Region_D,5,29.95684529,245.9399606,49.19975016,6.2,2.9,1.4,Barley,2.6
Region_A,1,34.45091651,121.4395811,56.45215888,6.5,3,1.5,Wheat,2.5
Region_A,1,28.40252275,158.1917199,49.62126341,6.5,3,1.5,Wheat,2.5
Region_B,3,34.05233693,221.3609708,66.89535373,7,2.8,1.8,Rice,3
Region_C,8,20.78386819,133.1140393,73.04258738,5.8,3.2,1.6,Maize,2.8
Region_B,2,26.28189979,64.14641404,66.92368524,7,2.8,1.8,Rice,3
Region_A,4,23.90236686,143.4802618,72.97401789,6.5,3,1.5,Wheat,2.5
Region_D,2,30.96231447,286.1121457,55.87968649,6.2,2.9,1.4,Barley,2.6
Region_B,5,34.71945636,210.4335993,46.25267883,7,2.8,1.8,Rice,3
Region_A,9,23.84795094,217.8697872,69.5180379,6.5,3,1.5,Wheat,2.5
Region_B,1,29.81261902,208.0705384,54.41898021,7,2.8,1.8,Rice,3
Region_C,5,22.97146449,99.74803474,66.85083301,5.8,3.2,1.6,Maize,2.8
Region_B,9,28.47995382,154.583466,50.82575768,7,2.8,1.8,Rice,3
Region_B,1,26.9589873,237.7349496,43.24918539,7,2.8,1.8,Rice,3
Region_A,9,34.58007994,75.34322439,79.70327182,6.5,3,1.5,Wheat,2.5
Region_A,8,29.12790909,119.463194,46.24806032,6.5,3,1.5,Wheat,2.5
Region_A,4,25.24259558,119.0797771,79.53683976,6.5,3,1.5,Wheat,2.5
Region_B,12,21.71143677,158.0047319,79.0911973,7,2.8,1.8,Rice,3
Region_C,11,22.26870243,295.0921852,71.75272416,5.8,3.2,1.6,Maize,2.8
Region_D,10,23.37975395,66.87563667,66.37691848,6.2,2.9,1.4,Barley,2.6
Region_D,5,23.76449992,179.6752486,63.11228201,6.2,2.9,1.4,Barley,2.6
Region_A,5,32.75924087,94.8411705,74.64406182,6.5,3,1.5,Wheat,2.5
Region_A,11,28.41834182,292.6691364,51.57758086,6.5,3,1.5,Wheat,2.5
Region_B,12,27.85086367,78.32587618,58.7072485,7,2.8,1.8,Rice,3
Region_D,6,21.72153308,150.9002506,64.77559877,6.2,2.9,1.4,Barley,2.6
Region_A,7,32.9020954,234.4712462,56.44761903,6.5,3,1.5,Wheat,2.5
Region_C,8,30.84221455,226.138607,57.09945816,5.8,3.2,1.6,Maize,2.8
Region_C,8,21.01502543,155.6821592,53.2113867,5.8,3.2,1.6,Maize,2.8
Region_A,11,30.61752646,136.631042,62.56927267,6.5,3,1.5,Wheat,2.5
Region_A,2,28.15307326,149.4030946,74.02298112,6.5,3,1.5,Wheat,2.5
Region_D,9,21.22588019,116.0690658,48.06113512,6.2,2.9,1.4,Barley,2.6
Region_D,7,26.87450962,101.3332347,77.37732155,6.2,2.9,1.4,Barley,2.6
Region_B,4,27.27044431,170.7599244,67.56350615,7,2.8,1.8,Rice,3
Region_D,4,22.4866181,117.133439,72.93092851,6.2,2.9,1.4,Barley,2.6
Region_C,11,34.18547221,121.8654162,62.24762771,5.8,3.2,1.6,Maize,2.8
Region_C,8,32.74963057,214.1890159,71.18066806,5.8,3.2,1.6,Maize,2.8
Region_A,4,30.03533506,292.1343329,40.64801589,6.5,3,1.5,Wheat,2.5
Region_D,6,26.93443342,200.9093001,72.73521699,6.2,2.9,1.4,Barley,2.6
Region_B,5,26.17648312,69.24486677,41.60555436,7,2.8,1.8,Rice,3
Region_C,3,29.76460201,68.89590346,75.59653505,5.8,3.2,1.6,Maize,2.8
Region_C,10,28.18147804,287.8558052,79.67850989,5.8,3.2,1.6,Maize,2.8
Region_B,11,20.93409659,124.3226976,51.76269849,7,2.8,1.8,Rice,3
Region_B,2,27.68753973,73.01674652,48.41274225,7,2.8,1.8,Rice,3
Region_C,9,32.09605426,199.7611468,70.61453455,5.8,3.2,1.6,Maize,2.8
Region_C,10,26.88859816,205.9121946,50.12105364,5.8,3.2,1.6,Maize,2.8
Region_B,9,20.77934866,212.126205,74.62249533,7,2.8,1.8,Rice,3
Region_C,1,31.79417299,116.850507,44.11370369,5.8,3.2,1.6,Maize,2.8
Region_A,10,23.02045673,53.77767105,45.03820786,6.5,3,1.5,Wheat,2.5
Region_A,3,23.87931252,291.2538424,79.1660622,6.5,3,1.5,Wheat,2.5
Region_B,8,22.4705953,112.7232614,66.95355593,7,2.8,1.8,Rice,3
Region_D,6,24.95322597,219.006572,73.87548898,6.2,2.9,1.4,Barley,2.6
Region_B,5,31.35127259,226.6574675,52.97317509,7,2.8,1.8,Rice,3
Region_B,5,27.79078789,202.5018543,67.05934998,7,2.8,1.8,Rice,3
Region_D,6,23.07321911,128.2268486,63.76967309,6.2,2.9,1.4,Barley,2.6
Region_D,7,33.16745117,117.7740634,64.1260048,6.2,2.9,1.4,Barley,2.6
Region_D,1,33.19372782,199.4170707,67.30129838,6.2,2.9,1.4,Barley,2.6
Region_A,9,33.05867638,266.5239084,63.01436693,6.5,3,1.5,Wheat,2.5
Region_C,3,23.58194317,286.6834322,57.16249477,5.8,3.2,1.6,Maize,2.8
Region_A,4,26.76859016,76.4764511,51.03690778,6.5,3,1.5,Wheat,2.5
Region_C,10,34.77484484,88.70715315,70.74325324,5.8,3.2,1.6,Maize,2.8
Region_A,1,31.58018714,286.1840647,49.0508972,6.5,3,1.5,Wheat,2.5
Region_C,11,20.40751132,234.1338071,67.69417225,5.8,3.2,1.6,Maize,2.8
Region_A,10,20.97806887,270.7484562,49.33331291,6.5,3,1.5,Wheat,2.5
Region_D,3,26.95897065,100.6581585,65.0132068,6.2,2.9,1.4,Barley,2.6
Region_B,2,33.63830309,196.8964678,69.88313069,7,2.8,1.8,Rice,3
Region_A,2,28.08052697,225.2848986,48.74855556,6.5,3,1.5,Wheat,2.5
Region_C,1,27.46718762,220.0279714,42.39773203,5.8,3.2,1.6,Maize,2.8
Region_D,8,21.5821055,152.0379227,45.23894972,6.2,2.9,1.4,Barley,2.6
Region_A,3,29.85170157,53.84872292,64.23987869,6.5,3,1.5,Wheat,2.5
Region_A,3,32.33154741,195.7315142,73.97785625,6.5,3,1.5,Wheat,2.5
Region_D,6,25.70630011,113.2753848,41.79987285,6.2,2.9,1.4,Barley,2.6
Region_A,8,31.63417776,162.5635615,69.36605036,6.5,3,1.5,Wheat,2.5
Region_B,9,34.46714981,289.3952538,53.65274584,7,2.8,1.8,Rice,3
Region_A,9,23.05649689,149.7588294,59.1411348,6.5,3,1.5,Wheat,2.5
Region_B,4,27.84994447,259.9504017,77.15438199,7,2.8,1.8,Rice,3
Region_B,5,24.30706937,97.13515144,53.27886019,7,2.8,1.8,Rice,3
Region_D,2,31.89281629,218.1151245,58.61347736,6.2,2.9,1.4,Barley,2.6
Region_A,11,28.66390049,294.2517386,40.54729659,6.5,3,1.5,Wheat,2.5
Region_D,9,29.51873626,75.47327522,43.2639488,6.2,2.9,1.4,Barley,2.6
Region_A,8,31.96871239,52.07998556,50.34366365,6.5,3,1.5,Wheat,2.5
Region_A,3,25.93955709,158.3956982,41.11408963,6.5,3,1.5,Wheat,2.5
Region_C,11,33.72635103,73.15637076,65.25501304,5.8,3.2,1.6,Maize,2.8
Region_A,12,27.99543301,237.0960874,57.05593427,6.5,3,1.5,Wheat,2.5
Region_D,9,22.36932234,278.637166,61.92580811,6.2,2.9,1.4,Barley,2.6
Region_B,3,30.43848677,158.5052432,46.98588744,7,2.8,1.8,Rice,3
Region_A,9,31.89892026,114.6779105,51.83728118,6.5,3,1.5,Wheat,2.5
Region_C,2,24.75142516,158.6008298,66.55297899,5.8,3.2,1.6,Maize,2.8
Region_D,12,32.85768885,230.8619545,78.61210895,6.2,2.9,1.4,Barley,2.6
Region_A,10,33.59214882,52.2635404,42.01667094,6.5,3,1.5,Wheat,2.5
Region_D,9,24.15356731,197.3634974,75.61537283,6.2,2.9,1.4,Barley,2.6
Region_C,8,34.75282209,203.3229212,63.07524805,5.8,3.2,1.6,Maize,2.8
Region_C,9,22.11067292,209.4220617,62.55678267,5.8,3.2,1.6,Maize,2.8
Region_D,5,23.03023503,110.50552,60.01114141,6.2,2.9,1.4,Barley,2.6
Region_A,11,22.76337259,228.5131808,42.77576344,6.5,3,1.5,Wheat,2.5
Region_B,11,33.40984565,72.84787158,43.59507407,7,2.8,1.8,Rice,3
Region_C,2,29.81438828,99.81758412,64.03648023,5.8,3.2,1.6,Maize,2.8
Region_A,8,22.28156425,269.3675117,53.63834286,6.5,3,1.5,Wheat,2.5
Region_A,12,26.60485128,234.6807877,76.69072266,6.5,3,1.5,Wheat,2.5
Region_B,6,29.22947038,53.4363885,56.26362149,7,2.8,1.8,Rice,3
Region_C,8,21.25196127,112.0940651,45.73125835,5.8,3.2,1.6,Maize,2.8
Region_C,11,33.23624553,103.6016207,68.58875334,5.8,3.2,1.6,Maize,2.8
Region_A,5,32.05405303,117.701582,51.73413686,6.5,3,1.5,Wheat,2.5
Region_A,10,27.5781016,111.8899426,61.01881229,6.5,3,1.5,Wheat,2.5
Region_B,2,34.50689923,65.63157394,67.91331142,7,2.8,1.8,Rice,3
Region_B,6,26.26641469,164.7351291,76.01056445,7,2.8,1.8,Rice,3
Region_C,5,34.76165479,233.1833687,71.68764779,5.8,3.2,1.6,Maize,2.8
Region_D,12,30.01879998,201.6829312,67.05444271,6.2,2.9,1.4,Barley,2.6
Region_C,12,29.5200691,218.2179171,67.1853273,5.8,3.2,1.6,Maize,2.8
Region_A,5,22.48932343,70.28729463,77.83698576,6.5,3,1.5,Wheat,2.5
Region_C,1,33.22891637,287.8726775,51.8329639,5.8,3.2,1.6,Maize,2.8
Region_D,2,26.41234532,259.6229585,40.04448377,6.2,2.9,1.4,Barley,2.6
Region_B,8,22.43350109,251.2725796,50.87818238,7,2.8,1.8,Rice,3
Region_D,3,20.1891128,255.7459513,48.71565519,6.2,2.9,1.4,Barley,2.6
Region_D,10,28.39633525,283.177627,66.4733834,6.2,2.9,1.4,Barley,2.6
Region_D,3,27.91099433,186.0634915,65.34846399,6.2,2.9,1.4,Barley,2.6
Region_B,8,30.79030434,100.0705045,63.73845531,7,2.8,1.8,Rice,3
Region_D,8,33.3538708,204.195902,40.64973773,6.2,2.9,1.4,Barley,2.6
Region_D,2,21.19109877,235.7203734,69.15112218,6.2,2.9,1.4,Barley,2.6
Region_D,8,30.97244736,234.4793483,52.9412165,6.2,2.9,1.4,Barley,2.6
Region_A,11,22.81117916,180.362256,66.60223956,6.5,3,1.5,Wheat,2.5
Region_D,1,32.8726558,67.11467983,62.26313714,6.2,2.9,1.4,Barley,2.6
Region_B,6,32.28595271,142.7782346,53.70923702,7,2.8,1.8,Rice,3
Region_D,8,28.11190632,280.1916521,45.38305068,6.2,2.9,1.4,Barley,2.6
Region_D,3,30.65364198,196.1122274,43.77675591,6.2,2.9,1.4,Barley,2.6
Region_B,8,24.7152517,184.5829858,73.26073332,7,2.8,1.8,Rice,3
Region_D,12,27.06751848,117.2133786,76.73590168,6.2,2.9,1.4,Barley,2.6
Region_B,1,32.32455347,142.11223,65.99152187,7,2.8,1.8,Rice,3
Region_D,11,26.88897796,273.8365223,44.13736459,6.2,2.9,1.4,Barley,2.6
Region_B,11,25.36697398,216.6157619,56.08108868,7,2.8,1.8,Rice,3
Region_D,9,27.41318671,246.8467567,69.157568,6.2,2.9,1.4,Barley,2.6
Region_D,11,32.42373879,163.5863558,71.19283536,6.2,2.9,1.4,Barley,2.6
Region_A,9,25.02812071,207.5618049,44.72874489,6.5,3,1.5,Wheat,2.5
Region_A,5,22.6064239,112.0959022,40.00122875,6.5,3,1.5,Wheat,2.5
Region_D,10,30.6802103,226.3652076,68.48548184,6.2,2.9,1.4,Barley,2.6
Region_D,4,32.38967319,156.9003334,54.26384704,6.2,2.9,1.4,Barley,2.6
Region_C,11,21.50956218,160.6363787,50.17925326,5.8,3.2,1.6,Maize,2.8
